id,name,G08,lat,lon,HI08,AM08,AS08,HP08,BL08,WH08,TR08,leaidC_SEDA,WH_tot,WB_dissim,WH_dissim,WB_exp,WH_exp,G08_alg_p,G08_access_p,HI08_alg_p,BL08_alg_p,WH08_alg_p,WB_diff,WH_diff,WB_n,WH_n,WB_access,WH_access
170141006254,Horizon Science Acad-McKinley Pk,55,41.82249,-87.682131,50,0,0,0,1,2,2,1709930,2,0,0,.036363635,.036363635,.5272727,1,.5,0,1,1,.5,1,2,0,0
170993000048,Logandale Middle School,88,41.934143,-87.70784500000001,82,0,1,0,3,2,0,1709930,2,0,0,.022727273,.022727273,.15909091,1,.12195122,.66666669,1,.33333331,.87804878,2,2,0,0
170993000389,Marshall Middle School,23,41.95232,-87.72043600000001,19,1,0,0,3,0,0,1709930,0,,,,,.43478259,1,.36842105,1,,,,0,0,0,0
170993000411,Chavez Elem Multicultural Acad Ct,70,41.807417,-87.665701,64,0,0,0,5,1,0,1709930,1,0,0,.014285714,.014285714,.60000002,1,.578125,.80000001,1,.19999999,.421875,1,1,0,0
170993000441,Jordan Elem Community School,51,42.017167,-87.678062,36,1,3,0,11,0,0,1709930,0,,,,,0,0,0,0,,,,0,0,0,0
170993000581,Audubon Elem School,37,41.945392,-87.681316,19,0,1,0,2,14,1,1709930,14,0,0,.37837839,.37837839,.56756759,1,.52631581,0,.71428573,.71428573,.18796992,2,14,0,0
170993000582,Avalon Park Elem School,27,41.748492,-87.59125899999999,1,0,0,0,26,0,0,1709930,0,,,,,0,0,0,0,,,,0,0,0,0
170993000585,Barnard Elem Comp Math & Sci Ctr,28,41.705356,-87.658389,0,0,0,0,28,0,0,1709930,0,,,,,0,0,,0,,,,0,0,0,0
170993000589,Barton Elem School,36,41.754462,-87.671156,0,0,0,0,36,0,0,1709930,0,,,,,0,0,,0,,,,0,0,0,0
170993000590,Bass Elem School,57,41.774484,-87.653346,2,0,0,1,54,0,0,1709930,0,,,,,0,0,0,0,,,,0,0,0,0
170993000591,Bateman Elem School,94,41.95795,-87.702224,79,0,6,0,1,8,0,1709930,8,0,0,.08510638,.08510638,.38297874,1,.35443038,0,.5,.5,.14556962,1,8,0,0
170993000597,Nicholson Tech Acad Elem Sch,48,41.78414,-87.64816,2,0,0,0,46,0,0,1709930,0,,,,,1,1,1,1,,,,0,0,0,0
170993000601,Beaubien Elem School,116,41.971974,-87.756916,57,2,9,0,0,42,6,1709930,42,,0,,.36206895,.48275861,1,.33333334,,.73809522,,.40476188,0,42,0,0
170993000602,Beethoven Elem School,33,41.808773,-87.626702,0,0,0,0,32,0,1,1709930,0,,,,,0,0,,0,,,,0,0,0,0
170993000603,Beidler Elem School,57,41.885181,-87.70501299999999,0,0,0,0,56,0,1,1709930,0,,,,,0,0,,0,,,,0,0,0,0
170993000604,Belding Elem School,43,41.958056,-87.733475,24,0,2,1,3,10,3,1709930,10,0,0,.23255815,.23255815,.44186047,1,.41666666,.66666669,.69999999,.033333302,.28333333,3,10,0,0
170993000605,Bell Elem School,101,41.949543,-87.686731,25,0,2,0,5,64,5,1709930,64,0,0,.63366336,.63366336,.57425743,1,.51999998,.40000001,.578125,.17812499,.058125019,5,25,0,0
170993000607,Bennett Elem School,24,41.710293,-87.61704899999999,1,0,0,0,23,0,0,1709930,0,,,,,.16666667,1,0,.17391305,,,,0,0,0,0
170993000609,Black Magnet Elem School,52,41.729503,-87.57651300000001,1,0,0,0,51,0,0,1709930,0,,,,,0,0,0,0,,,,0,0,0,0
170993000610,Blaine Elem School,84,41.950933,-87.665134,32,1,6,2,3,36,4,1709930,36,0,0,.42857143,.42857143,.97619045,1,1,1,.94444442,-.055555582,-.055555582,3,32,0,0
170993000611,Bond Elem School,27,41.765559,-87.653007,1,0,0,0,26,0,0,1709930,0,,,,,0,0,0,0,,,,0,0,0,0
170993000612,Boone Elem School,80,42.003504,-87.698035,30,1,15,0,15,17,2,1709930,17,0,0,.21250001,.21250001,0,0,0,0,0,0,0,15,17,0,0
170993000614,Bradwell Comm Arts & Sci Elem Sch,53,41.75463,-87.557304,4,0,0,0,49,0,0,1709930,0,,,,,0,0,0,0,,,,0,0,0,0
170993000615,Haley Elem Academy,54,41.686315,-87.633298,0,0,0,0,53,0,1,1709930,0,,,,,0,0,,0,,,,0,0,0,0
170993000616,Brennemann Elem School,40,41.960162,-87.649439,9,1,2,1,25,1,1,1709930,1,0,0,.025,.025,0,0,0,0,0,0,0,1,1,0,0
170993000617,Brentano Elem Math & Science Acad,28,41.930956,-87.696153,26,0,0,0,0,2,0,1709930,2,,0,,.071428575,.32142857,1,.26923078,,1,,.73076922,0,2,0,0
170993000618,Bridge Elem School,78,41.949686,-87.798928,42,0,3,0,0,33,0,1709930,33,,0,,.42307693,.35897437,1,.16666667,,.57575756,,.40909088,0,33,0,0
170993000619,Bright Elem School,26,41.699974,-87.562387,8,0,0,0,18,0,0,1709930,0,,,,,0,0,0,0,,,,0,0,0,0
170993000621,Brown  W Elem School,23,41.882954,-87.671122,2,0,0,0,20,1,0,1709930,1,0,0,.043478262,.043478262,0,0,0,0,0,0,0,1,1,0,0
170993000623,Bouchet Elem Math & Science Acad,53,41.761342,-87.575906,0,0,0,0,52,0,1,1709930,0,,,,,0,0,,0,,,,0,0,0,0
170993000625,Budlong Elem School,75,41.975301,-87.696624,38,2,11,0,4,19,1,1709930,19,0,0,.25333333,.25333333,.97333336,1,.97368419,1,1,0,.026315808,4,19,0,0
170993000627,Burbank Elem School,93,41.917404,-87.78212499999999,82,0,1,0,8,2,0,1709930,2,0,0,.021505376,.021505376,0,0,0,0,0,0,0,2,2,0,0
170993000628,Turner-Drew Elem Language Academy,23,41.725555,-87.63048600000001,0,0,0,0,23,0,0,1709930,0,,,,,0,0,,0,,,,0,0,0,0
170993000629,Burke Elem School,38,41.798114,-87.616467,2,0,0,0,36,0,0,1709930,0,,,,,0,0,0,0,,,,0,0,0,0
170993000632,Burley Elem School,50,41.938081,-87.669715,16,0,3,0,1,24,6,1709930,24,0,0,.47999999,.47999999,.66000003,1,.25,0,.91666669,.91666669,.66666669,1,16,0,0
170993000633,Burnham Elem Inclusive Academy,65,41.714748,-87.567054,5,0,0,0,60,0,0,1709930,0,,,,,0,0,0,0,,,,0,0,0,0
170993000634,Castellanos Elem School,93,41.84578,-87.71483600000001,87,0,0,0,6,0,0,1709930,0,,,,,.10752688,1,.11494253,0,,,,0,0,0,0
170993000635,Burnside Elem Scholastic Academy,49,41.72864,-87.60747000000001,3,0,0,0,46,0,0,1709930,0,,,,,.55102038,1,.66666669,.54347825,,,,0,0,0,0
170993000636,Burr Elem School,22,41.912042,-87.668767,14,0,0,0,5,2,1,1709930,2,0,0,.090909094,.090909094,0,0,0,0,0,0,0,2,2,0,0
170993000637,Burroughs Elem School,46,41.828938,-87.692551,43,0,0,0,0,3,0,1709930,3,,0,,.065217391,.32608697,1,.30232558,,.66666669,,.36434111,0,3,0,0
170993000638,Brunson Math & Sci Specialty Elem,62,41.897581,-87.76566800000001,0,0,0,0,61,1,0,1709930,1,0,,.016129032,,0,0,,0,0,0,,1,0,0,0
170993000640,Byrne Elem School,73,41.795102,-87.791262,44,0,0,0,2,27,0,1709930,27,0,0,.369863,.369863,.39726028,1,.36363637,0,.48148149,.48148149,.11784512,2,27,0,0
170993000641,Caldwell Elem Acad of Math & Sci,24,41.739256,-87.581104,0,0,0,0,24,0,0,1709930,0,,,,,0,0,,0,,,,0,0,0,0
170993000643,De Diego Elem Community Academy,74,41.905213,-87.685684,52,2,2,0,18,0,0,1709930,0,,,,,0,0,0,0,,,,0,0,0,0
170993000646,Cameron Elem School,83,41.903989,-87.71784700000001,52,0,0,0,29,2,0,1709930,2,0,0,.024096385,.024096385,.38554215,1,.48076922,.24137931,0,-.24137931,-.48076922,2,2,0,0
170993000647,Canty Elem School,72,41.947896,-87.829764,32,0,2,0,1,35,2,1709930,35,0,0,.4861111,.4861111,.33333334,1,.125,0,.45714286,.45714286,.33214286,1,32,0,0
170993000648,Carnegie Elem School,42,41.783027,-87.59103500000001,0,0,0,0,42,0,0,1709930,0,,,,,1,1,,1,,,,0,0,0,0
170993000650,Curtis Elem School,57,41.685518,-87.621798,3,0,0,1,53,0,0,1709930,0,,,,,0,0,0,0,,,,0,0,0,0
170993000651,Mays Elem Academy,43,41.773106,-87.636882,1,0,0,0,42,0,0,1709930,0,,,,,0,0,0,0,,,,0,0,0,0
170993000652,Carroll Elem School,53,41.741961,-87.696815,3,0,0,0,50,0,0,1709930,0,,,,,0,0,0,0,,,,0,0,0,0
170993000653,Carter Elem School,25,41.78963,-87.62328100000001,0,0,0,0,25,0,0,1709930,0,,,,,0,0,,0,,,,0,0,0,0
170993000655,Cassell Elem School,35,41.687465,-87.703734,4,1,0,0,5,24,1,1709930,24,0,0,.6857143,.6857143,0,0,0,0,0,0,0,5,4,0,0
170993000656,Cather Elem School,40,41.88223,-87.699208,1,0,1,0,38,0,0,1709930,0,,,,,0,0,0,0,,,,0,0,0,0
170993000657,Chalmers Elem Specialty School,36,41.8661,-87.69478700000001,0,0,1,0,35,0,0,1709930,0,,,,,0,0,,0,,,,0,0,0,0
170993000658,Chappell Elem School,36,41.975369,-87.683138,25,0,4,0,5,2,0,1709930,2,0,0,.055555556,.055555556,.30555555,1,.28,0,0,0,-.28,2,2,0,0
170993000659,Chase Elem School,31,41.91817,-87.694391,29,0,0,0,2,0,0,1709930,0,,,,,.12903225,1,.13793103,0,,,,0,0,0,0
170993000661,Clay Elem School,64,41.654661,-87.543899,51,0,1,0,5,7,0,1709930,7,0,0,.109375,.109375,.453125,1,.43137255,.40000001,.5714286,.17142859,.14005604,5,7,0,0
170993000663,Cleveland Elem School,67,41.951691,-87.706287,54,0,6,0,4,3,0,1709930,3,0,0,.044776119,.044776119,.46268657,1,.46296296,0,.66666669,.66666669,.20370373,3,3,0,0
170993000664,Clinton Elem School,100,41.992804,-87.698525,32,0,33,0,13,21,1,1709930,21,0,0,.20999999,.20999999,1,1,1,1,1,0,0,13,21,0,0
170993000665,Clissold Elem School,58,41.693491,-87.67944900000001,3,0,0,0,47,8,0,1709930,8,0,0,.13793103,.13793103,.48275861,1,.66666669,.40425533,.875,.47074467,.20833331,8,3,0,0
170993000666,Coles Elem Language Academy,57,41.741787,-87.565156,2,0,0,0,55,0,0,1709930,0,,,,,0,0,0,0,,,,0,0,0,0
170993000668,Beasley Elem Magnet Academic Ctr,137,41.798804,-87.625084,4,0,0,0,133,0,0,1709930,0,,,,,1,1,1,1,,,,0,0,0,0
170993000669,Columbus Elem School,28,41.899644,-87.681518,15,0,1,0,0,12,0,1709930,12,,0,,.42857143,.53571427,1,.26666668,,.83333331,,.5666666,0,12,0,0
170993000672,Cook Elem School,36,41.745769,-87.65989399999999,0,0,0,0,35,0,1,1709930,0,,,,,0,0,,0,,,,0,0,0,0
170993000674,Coonley Elem School,66,41.955545,-87.684051,23,0,2,0,2,35,4,1709930,35,0,0,.530303,.530303,.78787881,1,.56521738,1,.88571429,-.11428571,.32049692,2,23,0,0
170993000675,Metcalfe Elem Community Academy,42,41.669303,-87.633878,0,0,0,0,42,0,0,1709930,0,,,,,0,0,,0,,,,0,0,0,0
170993000677,Corkery Elem School,42,41.845554,-87.732272,36,0,0,0,5,1,0,1709930,1,0,0,.023809524,.023809524,.59523809,1,.6111111,.40000001,1,.60000002,.3888889,1,1,0,0
170993000678,Crown Elem Comm Acd Fine Arts Ctr,24,41.852376,-87.71248799999999,0,0,0,0,24,0,0,1709930,0,,,,,0,0,,0,,,,0,0,0,0
170993000679,Darwin Elem School,49,41.923544,-87.70513800000001,43,0,0,0,5,1,0,1709930,1,0,0,.020408163,.020408163,.36734694,1,.37209302,.40000001,0,-.40000001,-.37209302,1,1,0,0
170993000682,Dulles Elem School,41,41.779607,-87.616944,0,0,0,0,41,0,0,1709930,0,,,,,0,0,,0,,,,0,0,0,0
170993000687,Davis N Elem School,53,41.822224,-87.700281,52,0,0,0,0,1,0,1709930,1,,0,,.018867925,0,0,0,,0,,0,0,1,0,0
170993000689,Dawes Elem School,105,41.745279,-87.71726099999999,76,2,0,1,25,1,0,1709930,1,0,0,.0095238099,.0095238099,.31428573,1,.32894737,.31999999,0,-.31999999,-.32894737,1,1,0,0
170993000691,Deneen Elem School,56,41.762293,-87.62346700000001,3,0,0,0,52,0,1,1709930,0,,,,,0,0,0,0,,,,0,0,0,0
170993000695,Dett Elem School,37,41.87971,-87.680581,1,0,0,0,36,0,0,1709930,0,,,,,0,0,0,0,,,,0,0,0,0
170993000697,Chopin Elem School,52,41.896954,-87.688622,40,0,0,0,10,1,1,1709930,1,0,0,.01923077,.01923077,.42307693,1,.40000001,.5,1,.5,.60000002,1,1,0,0
170993000698,Dever Elem School,89,41.942544,-87.81352099999999,40,1,2,0,3,43,0,1709930,43,0,0,.48314607,.48314607,.32584271,1,.25,0,.37209302,.37209302,.12209302,3,40,0,0
170993000706,Dewey Elem Academy of Fine Arts,25,41.795845,-87.64233299999999,1,0,0,0,23,0,1,1709930,0,,,,,0,0,0,0,,,,0,0,0,0
170993000709,Disney Elem Magnet School,132,41.95696,-87.64619500000001,48,0,15,1,48,15,5,1709930,15,0,0,.11363637,.11363637,.23484848,1,.14583333,.20833333,.26666668,.058333352,.12083335,15,15,0,0
170993000710,Dixon Elem School,90,41.743427,-87.610469,0,0,0,0,89,0,1,1709930,0,,,,,0,0,,0,,,,0,0,0,0
170993000712,Garvey  M Elem School,26,41.706663,-87.647077,0,0,0,0,26,0,0,1709930,0,,,,,.38461539,1,,.38461539,,,,0,0,0,0
170993000713,Dodge Elem School,18,41.88901,-87.70472100000001,0,0,0,0,18,0,0,1709930,0,,,,,0,0,,0,,,,0,0,0,0
170993000714,Young Magnet High School,125,41.878293,-87.664013,22,0,30,0,21,43,9,1709930,43,0,0,.34400001,.34400001,.23199999,1,.18181819,.33333334,.23255815,-.1007752,.050739959,21,22,0,0
170993000720,Hanson Park Elem School,122,41.923396,-87.761927,118,0,0,0,3,1,0,1709930,1,0,0,.0081967209,.0081967209,.18852459,1,.18644068,0,1,1,.81355929,1,1,0,0
170993000725,Dore Elem School,57,41.780745,-87.787716,38,0,1,0,3,15,0,1709930,15,0,0,.2631579,.2631579,.40350878,1,.34210527,.66666669,.46666667,-.20000002,.1245614,3,15,0,0
170993000728,Drake Elem School,44,41.84352,-87.628681,1,0,1,0,41,0,1,1709930,0,,,,,0,0,0,0,,,,0,0,0,0
170993000729,Drummond Elem School,25,41.915781,-87.674561,15,0,0,0,2,5,3,1709930,5,0,0,.2,.2,.23999999,1,.26666668,0,.40000001,.40000001,.13333333,2,5,0,0
170993000730,Leland Elem School,47,41.8735,-87.749701,1,0,0,0,46,0,0,1709930,0,,,,,0,0,0,0,,,,0,0,0,0
170993000731,Dubois Elem School,22,41.65404,-87.614327,1,0,0,0,21,0,0,1709930,0,,,,,0,0,0,0,,,,0,0,0,0
170993000734,Dunne Technology Acad Elem Sch,18,41.696387,-87.63978899999999,0,0,0,0,18,0,0,1709930,0,,,,,0,0,,0,,,,0,0,0,0
170993000737,Dvorak Technology Acad Elem Sch,42,41.858634,-87.71581999999999,0,0,0,0,41,0,1,1709930,0,,,,,0,0,,0,,,,0,0,0,0
170993000738,Earle Elem School,40,41.781176,-87.67532,0,0,0,0,40,0,0,1709930,0,,,,,.32499999,1,,.32499999,,,,0,0,0,0
170993000739,Eberhart Elem School,160,41.774647,-87.708448,147,0,0,0,8,4,1,1709930,4,0,0,.025,.025,1,1,1,1,1,0,0,4,4,0,0
170993000741,Ebinger Elem School,61,42.004648,-87.810777,12,1,2,0,0,45,1,1709930,45,,0,,.73770493,.96721309,1,.83333331,,1,,.16666669,0,12,0,0
170993000743,Edgebrook Elem School,50,41.999433,-87.761044,11,0,5,0,2,31,1,1709930,31,0,0,.62,.62,.95999998,1,.90909094,1,1,0,.090909064,2,11,0,0
170993000744,Edwards Elem School,111,41.805234,-87.725578,102,3,0,0,0,6,0,1709930,6,,0,,.054054055,.52252251,1,.50980395,,.66666669,,.15686274,0,6,0,0
170993000745,Gunsaulus Elem Scholastic Academy,75,41.812663,-87.699611,60,1,4,1,6,2,1,1709930,2,0,0,.026666667,.026666667,.37333333,1,.26666668,.66666669,1,.33333331,.73333335,2,2,0,0
170993000748,Ellington Elem School,49,41.88542,-87.76588099999999,1,0,0,0,48,0,0,1709930,0,,,,,0,0,0,0,,,,0,0,0,0
170993000752,Ericson Elem Scholastic Academy,47,41.875891,-87.71630399999999,0,0,0,0,47,0,0,1709930,0,,,,,0,0,,0,,,,0,0,0,0
170993000753,Esmond Elem School,29,41.689219,-87.667671,0,0,0,0,29,0,0,1709930,0,,,,,0,0,,0,,,,0,0,0,0
170993000757,Evers Elem School,44,41.715898,-87.63923200000001,0,0,0,0,44,0,0,1709930,0,,,,,0,0,,0,,,,0,0,0,0
170993000760,Kellman Corporate Community Elem,29,41.87035,-87.70213099999999,0,0,0,0,29,0,0,1709930,0,,,,,0,0,,0,,,,0,0,0,0
170993000762,Faraday Elem School,29,41.879851,-87.707982,0,0,0,0,29,0,0,1709930,0,,,,,0,0,,0,,,,0,0,0,0
170993000763,Agassiz Elem School,49,41.933943,-87.656055,21,0,1,0,17,8,2,1709930,8,0,0,.1632653,.1632653,.93877554,1,.90476191,1,.875,-.125,-.02976191,8,8,0,0
170993000764,Farnsworth Elem School,49,41.979916,-87.76623600000001,16,0,6,0,4,22,1,1709930,22,0,0,.44897959,.44897959,.34693879,1,.25,.5,.31818181,-.18181819,.068181813,4,16,0,0
170993000769,Randolph Elem School,43,41.760455,-87.67656,1,0,0,0,42,0,0,1709930,0,,,,,.46511629,1,1,.45238096,,,,0,0,0,0
170993000770,Fernwood Elem School,51,41.710995,-87.640258,0,0,0,0,51,0,0,1709930,0,,,,,0,0,,0,,,,0,0,0,0
170993000771,Field Elem School,55,42.009556,-87.669845,22,0,6,0,27,0,0,1709930,0,,,,,0,0,0,0,,,,0,0,0,0
170993000773,Fiske Elem School,40,41.785398,-87.608558,1,0,0,0,39,0,0,1709930,0,,,,,1,1,1,1,,,,0,0,0,0
170993000774,Fort Dearborn Elem School,43,41.730028,-87.655035,0,0,0,0,43,0,0,1709930,0,,,,,0,0,,0,,,,0,0,0,0
170993000777,Franklin Elem Fine Arts Center,62,41.906426,-87.63600099999999,7,0,6,0,27,18,4,1709930,18,0,0,.29032257,.29032257,.16129032,1,0,.14814815,.22222222,.074074075,.22222222,18,7,0,0
170993000778,Fuller Elem School,33,41.818054,-87.612225,1,0,0,0,32,0,0,1709930,0,,,,,0,0,0,0,,,,0,0,0,0
170993000780,Fulton Elem School,32,41.797321,-87.668454,14,0,0,0,18,0,0,1709930,0,,,,,0,0,0,0,,,,0,0,0,0
170993000781,Funston Elem School,53,41.917722,-87.71697399999999,46,0,0,0,7,0,0,1709930,0,,,,,0,0,0,0,,,,0,0,0,0
170993000782,Gale Elem Community Academy,27,42.020809,-87.671509,8,0,0,0,18,0,1,1709930,0,,,,,0,0,0,0,,,,0,0,0,0
170993000783,Gallistel Elem Language Academy,126,41.706737,-87.535048,122,0,0,0,2,2,0,1709930,2,0,0,.015873017,.015873017,0,0,0,0,0,0,0,2,2,0,0
170993000784,Garvy  J Elem School,98,41.975913,-87.796064,27,0,6,0,0,63,2,1709930,63,,0,,.64285713,.3877551,1,.25925925,,.3968254,,.13756615,0,27,0,0
170993000785,Gary Elem School,163,41.837914,-87.71894,161,1,0,0,0,1,0,1709930,1,,0,,.0061349692,.36196318,1,.36024845,,1,,.63975155,0,1,0,0
170993000787,Kanoon Elem Magnet School,83,41.850493,-87.70463100000001,81,0,0,0,2,0,0,1709930,0,,,,,0,0,0,0,,,,0,0,0,0
170993000794,Goethe Elem School,62,41.922904,-87.69299100000001,59,1,0,0,1,0,1,1709930,0,,,,,.12903225,1,.11864407,0,,,,0,0,0,0
170993000796,Owens Community Academy ES,44,41.669832,-87.623284,1,0,0,0,43,0,0,1709930,0,,,,,.97727275,1,0,1,,,,0,0,0,0
170993000797,Goudy Technology Academy,79,41.976039,-87.659514,24,1,30,0,17,7,0,1709930,7,0,0,.088607594,.088607594,.36708862,1,.29166666,.23529412,.5714286,.33613449,.27976194,7,7,0,0
170993000800,Graham  A Elem School,41,41.813016,-87.643618,24,0,0,0,13,4,0,1709930,4,0,0,.097560972,.097560972,.60975611,1,.66666669,.53846157,.5,-.038461566,-.16666669,4,4,0,0
170993000801,White Elem Career Academy,15,41.672547,-87.65053500000001,0,0,0,0,15,0,0,1709930,0,,,,,0,0,,0,,,,0,0,0,0
170993000803,Gray Elem School,129,41.94914,-87.758838,104,1,4,0,4,15,1,1709930,15,0,0,.11627907,.11627907,.19379845,1,.1826923,0,.13333334,.13333334,-.049358964,4,15,0,0
170993000804,Alcott Elem School,51,41.929442,-87.646241,11,0,2,0,7,30,1,1709930,30,0,0,.58823532,.58823532,.98039216,1,.90909094,1,1,0,.090909064,7,11,0,0
170993000805,Greeley Elem School,65,41.952964,-87.650637,48,0,0,0,12,3,2,1709930,3,0,0,.046153847,.046153847,.38461539,1,.33333334,.33333334,1,.66666663,.66666663,3,3,0,0
170993000807,Gregory Math & Sci Elem Academy,41,41.870418,-87.718408,0,0,0,0,41,0,0,1709930,0,,,,,0,0,,0,,,,0,0,0,0
170993000808,Grissom Elem School,32,41.662393,-87.553513,27,1,0,0,0,4,0,1709930,4,,0,,.125,0,0,0,,0,,0,0,4,0,0
170993000811,Gresham Elem School,36,41.738659,-87.64515,0,0,0,1,35,0,0,1709930,0,,,,,0,0,,0,,,,0,0,0,0
170993000812,Grimes Elem School,46,41.775597,-87.758257,43,0,0,0,0,3,0,1709930,3,,0,,.065217391,0,0,0,,0,,0,0,3,0,0
170993000815,Haines Elem School,65,41.849792,-87.63402000000001,1,0,55,0,9,0,0,1709930,0,,,,,.53846157,1,0,.44444445,,,,0,0,0,0
170993000816,Gillespie Elem School,50,41.725073,-87.62321,1,0,0,0,49,0,0,1709930,0,,,,,.57999998,1,1,.5714286,,,,0,0,0,0
170993000817,Hendricks Elem Community Academy,24,41.815932,-87.63372800000001,1,0,0,0,23,0,0,1709930,0,,,,,0,0,0,0,,,,0,0,0,0
170993000819,Hale Elem School,99,41.780656,-87.776588,73,2,1,0,0,22,1,1709930,22,,0,,.22222222,0,0,0,,0,,0,0,22,0,0
170993000822,Hamilton Elem School,22,41.945405,-87.670543,8,0,0,0,4,9,1,1709930,9,0,0,.40909091,.40909091,.90909094,1,1,1,.77777779,-.22222221,-.22222221,4,8,0,0
170993000823,Hamline Elem School,46,41.807552,-87.660951,42,0,0,0,4,0,0,1709930,0,,,,,0,0,0,0,,,,0,0,0,0
170993000824,Hammond Elem School,33,41.852605,-87.69613,30,0,0,0,3,0,0,1709930,0,,,,,0,0,0,0,,,,0,0,0,0
170993000826,Harte Elem School,34,41.793876,-87.5868,3,0,0,0,29,1,1,1709930,1,0,0,.029411765,.029411765,0,0,0,0,0,0,0,1,1,0,0
170993000830,Harvard Elem School,31,41.757281,-87.63237599999999,0,0,0,0,31,0,0,1709930,0,,,,,.12903225,1,,.12903225,,,,0,0,0,0
170993000832,Hawthorne Elem Scholastic Academy,62,41.942221,-87.65758,19,1,3,1,8,27,3,1709930,27,0,0,.43548387,.43548387,.95161289,1,1,.875,.92592591,.05092591,-.07407409,8,19,0,0
170993000834,Hayt Elem School,74,41.99463,-87.66851200000001,38,1,16,0,16,3,0,1709930,3,0,0,.040540539,.040540539,.35135135,1,.34210527,.25,.66666669,.41666669,.32456142,3,3,0,0
170993000835,Healy Elem School,141,41.839477,-87.641091,33,0,95,1,0,11,1,1709930,11,,0,,.078014188,.31205675,1,.12121212,,0,,-.12121212,0,11,0,0
170993000836,Hearst Elem School,11,41.808523,-87.74598,4,0,0,0,7,0,0,1709930,0,,,,,0,0,0,0,,,,0,0,0,0
170993000837,Hedges Elem School,52,41.807497,-87.673249,50,0,0,0,1,1,0,1709930,1,0,0,.01923077,.01923077,0,0,0,0,0,0,0,1,1,0,0
170993000840,Hefferan Elem School,34,41.878461,-87.735682,0,0,0,0,34,0,0,1709930,0,,,,,0,0,,0,,,,0,0,0,0
170993000842,Henderson Elem School,33,41.79067,-87.67213,3,0,0,0,29,0,1,1709930,0,,,,,.39393941,1,.66666669,.34482759,,,,0,0,0,0
170993000847,Herzl Elem School,39,41.861834,-87.718251,2,0,0,0,37,0,0,1709930,0,,,,,0,0,0,0,,,,0,0,0,0
170993000851,Harlan Community Academy HS,17,41.718684,-87.62118200000001,2,0,0,0,15,0,0,1709930,0,,,,,1,1,1,1,,,,0,0,0,0
170993000855,Higgins Elem Community Academy,21,41.68114,-87.647334,1,0,0,0,20,0,0,1709930,0,,,,,0,0,0,0,,,,0,0,0,0
170993000856,King Academy of Social Justice,15,41.765448,-87.641312,0,0,0,0,15,0,0,1709930,0,,,,,0,0,,0,,,,0,0,0,0
170993000857,Hitch Elem School,45,41.983825,-87.778853,12,0,6,1,3,22,1,1709930,22,0,0,.48888889,.48888889,.48888889,1,.33333334,.66666669,.45454547,-.21212122,.12121212,3,12,0,0
170993000858,Holden Elem School,46,41.838222,-87.654032,32,0,10,0,2,2,0,1709930,2,0,0,.043478262,.043478262,.17391305,1,.125,0,0,0,-.125,2,2,0,0
170993000859,Earhart Elem Opt for Knowl School,20,41.726319,-87.58272700000001,1,0,0,0,19,0,0,1709930,0,,,,,1,1,1,1,,,,0,0,0,0
170993000860,Keller Elem Gifted Magnet School,32,41.697345,-87.696907,6,0,1,0,11,14,0,1709930,14,0,0,.4375,.4375,.375,1,.33333334,.18181819,.5,.31818181,.16666666,11,6,0,0
170993000861,Holmes Elem School,15,41.793566,-87.649376,0,0,0,0,15,0,0,1709930,0,,,,,0,0,,0,,,,0,0,0,0
170993000862,Howe Elem School,58,41.893355,-87.759468,1,0,0,0,57,0,0,1709930,0,,,,,0,0,0,0,,,,0,0,0,0
170993000864,Hoyne Elem School,28,41.733143,-87.567618,0,0,0,0,27,0,1,1709930,0,,,,,0,0,,0,,,,0,0,0,0
170993000865,Hughes  C Elem School,22,41.860262,-87.731658,0,0,0,0,21,0,1,1709930,0,,,,,0,0,,0,,,,0,0,0,0
170993000866,Hurley Elem School,77,41.766559,-87.719404,77,0,0,0,0,0,0,1709930,0,,,,,.32467532,1,.32467532,,,,,0,0,0,0
170993000867,Irving Elem School,56,41.871947,-87.683533,10,0,0,1,42,2,1,1709930,2,0,0,.035714287,.035714287,0,0,0,0,0,0,0,2,2,0,0
170993000868,Jackson A Elem Language Acad,62,41.874773,-87.6609,20,0,9,0,24,9,0,1709930,9,0,0,.14516129,.14516129,.48387095,1,.34999999,.29166666,.77777779,.48611113,.4277778,9,9,0,0
170993000869,Jahn Elem School,26,41.939151,-87.675336,21,0,0,0,5,0,0,1709930,0,,,,,0,0,0,0,,,,0,0,0,0
170993000870,Jamieson Elem School,69,41.984301,-87.701055,23,0,16,0,3,24,3,1709930,24,0,0,.34782609,.34782609,.42028984,1,.30434781,0,.41666666,.41666666,.11231884,3,23,0,0
170993000874,Jenner Elem Academy of the Arts,15,41.90223,-87.640804,0,0,0,0,15,0,0,1709930,0,,,,,0,0,,0,,,,0,0,0,0
170993000875,Jensen Elem Scholastic Academy,44,41.87403,-87.70165,0,0,0,0,43,0,1,1709930,0,,,,,0,0,,0,,,,0,0,0,0
170993000878,Pilsen Elem Community Academy,40,41.858902,-87.662376,38,0,0,0,2,0,0,1709930,0,,,,,0,0,0,0,,,,0,0,0,0
170993000880,Johnson Elem School,38,41.862009,-87.703284,0,0,0,0,38,0,0,1709930,0,,,,,.81578946,1,,.81578946,,,,0,0,0,0
170993000881,Jungman Elem School,27,41.858538,-87.652366,23,2,0,0,2,0,0,1709930,0,,,,,0,0,0,0,,,,0,0,0,0
170993000882,Kellogg Elem School,28,41.725361,-87.676738,3,0,0,0,19,4,2,1709930,4,0,0,.14285715,.14285715,.21428572,1,.66666669,.21052632,0,-.21052632,-.66666669,4,3,0,0
170993000883,Kershaw Elem School,24,41.776569,-87.641074,0,0,0,0,24,0,0,1709930,0,,,,,0,0,,0,,,,0,0,0,0
170993000884,Addams Elem School,83,41.698602,-87.53353,80,0,0,0,2,0,1,1709930,0,,,,,0,0,0,0,,,,0,0,0,0
170993000886,Kilmer Elem School,59,42.003815,-87.668346,36,0,8,0,11,3,1,1709930,3,0,0,.050847456,.050847456,0,0,0,0,0,0,0,3,3,0,0
170993000890,Kinzie Elem School,71,41.78964,-87.778775,51,2,0,0,1,17,0,1709930,17,0,0,.23943663,.23943663,.30985916,1,.3137255,0,.23529412,.23529412,-.078431383,1,17,0,0
170993000892,Kipling Elem School,41,41.72423,-87.63945,0,0,0,1,40,0,0,1709930,0,,,,,0,0,,0,,,,0,0,0,0
170993000894,Jefferson Alt High School,6,41.867844,-87.680852,1,0,0,0,5,0,0,1709930,0,,,,,.33333334,1,0,.40000001,,,,0,0,0,0
170993000898,Wildwood Elem School,55,42.007324,-87.778733,18,0,6,0,3,23,5,1709930,23,0,0,.41818181,.41818181,1,1,1,1,1,0,0,3,18,0,0
170993000899,Hughes L Elem School,32,41.7046,-87.629831,0,0,0,0,32,0,0,1709930,0,,,,,0,0,,0,,,,0,0,0,0
170993000901,Lozano Elem Bilingual & Intl Ctr,24,41.908922,-87.665144,19,0,0,0,5,0,0,1709930,0,,,,,0,0,0,0,,,,0,0,0,0
170993000903,Kozminski Elem Community Academy,36,41.798313,-87.60247699999999,0,0,0,0,36,0,0,1709930,0,,,,,0,0,,0,,,,0,0,0,0
170993000905,LaSalle Elem Language Academy,59,41.913309,-87.637564,16,0,5,0,17,18,3,1709930,18,0,0,.30508474,.30508474,.47457626,1,.4375,.23529412,.55555558,.32026148,.11805558,17,16,0,0
170993000907,Lawndale Elem Community Academy,40,41.86297,-87.71299999999999,0,0,0,0,40,0,0,1709930,0,,,,,0,0,,0,,,,0,0,0,0
170993000911,Lewis Elem School,55,41.907035,-87.754319,9,0,0,0,45,1,0,1709930,1,0,0,.018181818,.018181818,0,0,0,0,0,0,0,1,1,0,0
170993000914,Courtenay Elem Language Arts Ctr,45,41.962114,-87.66373,19,0,0,0,24,2,0,1709930,2,0,0,.044444446,.044444446,.42222223,1,.52631581,.29166666,1,.70833337,.47368419,2,2,0,0
170993000916,Libby Elem School,34,41.797507,-87.65990600000001,6,0,0,0,28,0,0,1709930,0,,,,,0,0,0,0,,,,0,0,0,0
170993000918,Lincoln Elem School,82,41.92447,-87.644257,6,1,5,0,11,55,4,1709930,55,0,0,.67073172,.67073172,.78048778,1,.66666669,.63636363,.83636361,.19999999,.16969693,11,6,0,0
170993000919,Linne Elem School,63,41.940396,-87.70227800000001,62,0,0,0,1,0,0,1709930,0,,,,,.55555558,1,.54838711,1,,,,0,0,0,0
170993000923,Kelvyn Park High School,67,41.927431,-87.735989,63,1,0,0,2,1,0,1709930,1,0,0,.014925373,.014925373,.19402985,1,.15873016,1,1,0,.84126985,1,1,0,0
170993000925,Kenwood Academy High School,131,41.803203,-87.589208,8,0,8,0,98,14,3,1709930,14,0,0,.10687023,.10687023,.83206105,1,.875,.86734694,.5,-.36734694,-.375,14,8,0,0
170993000927,Locke  J Elem School,128,41.931411,-87.79552,103,3,4,1,2,14,1,1709930,14,0,0,.109375,.109375,.28125,1,.27184466,0,.2857143,.2857143,.013869643,2,14,0,0
170993000928,Smith  W Elem School,27,41.708023,-87.605442,0,0,0,0,27,0,0,1709930,0,,,,,0,0,,0,,,,0,0,0,0
170993000929,Lovett Elem School,44,41.91241,-87.784198,3,0,0,0,40,0,1,1709930,0,,,,,0,0,0,0,,,,0,0,0,0
170993000930,Lowell Elem School,44,41.906569,-87.709853,31,0,0,1,10,1,1,1709930,1,0,0,.022727273,.022727273,0,0,0,0,0,0,0,1,1,0,0
170993000934,Lyon Elem School,148,41.933732,-87.776308,129,3,3,0,3,9,1,1709930,9,0,0,.060810812,.060810812,.25,1,.21705426,0,.44444445,.44444445,.22739018,3,9,0,0
170993000935,Madison Elem School,17,41.759948,-87.59054999999999,0,0,0,0,16,0,1,1709930,0,,,,,0,0,,0,,,,0,0,0,0
170993000936,Manierre Elem School,17,41.907821,-87.640143,2,0,0,0,15,0,0,1709930,0,,,,,.88235295,1,1,.86666667,,,,0,0,0,0
170993000937,Mann Elem School,30,41.748721,-87.574958,0,0,0,0,30,0,0,1709930,0,,,,,0,0,,0,,,,0,0,0,0
170993000939,Marsh Elem School,95,41.716913,-87.553321,86,1,0,0,8,0,0,1709930,0,,,,,1,1,1,1,,,,0,0,0,0
170993000940,Marquette Elem School,106,41.774222,-87.697245,68,1,0,1,34,1,1,1709930,1,0,0,.0094339624,.0094339624,0,0,0,0,0,0,0,1,1,0,0
170993000942,Lane Technical High School,115,41.945534,-87.690939,25,0,13,1,12,54,10,1709930,54,0,0,.46956521,.46956521,.57391304,1,.63999999,.41666666,.57407409,.15740743,-.065925896,12,25,0,0
170993000944,Mason Elem School,41,41.856529,-87.730639,0,0,0,0,41,0,0,1709930,0,,,,,0,0,,0,,,,0,0,0,0
170993000950,Mayer Elem School,31,41.922985,-87.65745,8,0,2,0,15,6,0,1709930,6,0,0,.19354838,.19354838,.87096775,1,1,.86666667,.66666669,-.19999999,-.33333331,6,6,0,0
170993000952,McClellan Elem School,26,41.830283,-87.64098799999999,16,0,1,0,6,2,1,1709930,2,0,0,.07692308,.07692308,.23076923,1,.25,.33333334,0,-.33333334,-.25,2,2,0,0
170993000956,McCutcheon Elem School,39,41.97076,-87.654668,8,0,9,0,21,1,0,1709930,1,0,0,.025641026,.025641026,0,0,0,0,0,0,0,1,1,0,0
170993000958,McKay Elem School,59,41.767523,-87.69139800000001,13,0,0,0,46,0,0,1709930,0,,,,,0,0,0,0,,,,0,0,0,0
170993000959,McPherson Elem School,82,41.968393,-87.67639200000001,64,0,6,0,4,8,0,1709930,8,0,0,.097560972,.097560972,.25609756,1,.203125,.5,.25,-.25,.046875,4,8,0,0
170993000963,Melody Elem School,50,41.878854,-87.724524,1,0,0,0,49,0,0,1709930,0,,,,,0,0,0,0,,,,0,0,0,0
170993000964,Talcott Elem School,44,41.892528,-87.674217,41,0,0,0,3,0,0,1709930,0,,,,,0,0,0,0,,,,0,0,0,0
170993000965,Mitchell Elem School,31,41.891968,-87.683447,26,0,0,0,3,1,1,1709930,1,0,0,.032258064,.032258064,.45161289,1,.38461539,1,1,0,.61538458,1,1,0,0
170993000966,Mollison Elem School,45,41.81416,-87.61558100000001,0,0,0,0,45,0,0,1709930,0,,,,,0,0,,0,,,,0,0,0,0
170993000968,Monroe Elem School,100,41.929636,-87.71883099999999,96,0,0,0,3,1,0,1709930,1,0,0,.0099999998,.0099999998,.25,1,.26041666,0,0,0,-.26041666,1,1,0,0
170993000969,Moos Elem School,52,41.9129,-87.69620500000001,43,1,0,0,7,1,0,1709930,1,0,0,.01923077,.01923077,.25,1,.23255815,.2857143,1,.71428573,.76744187,1,1,0,0
170993000970,Morrill Elem Math & Sci School,79,41.783865,-87.688321,46,0,0,0,33,0,0,1709930,0,,,,,1,1,1,1,,,,0,0,0,0
170993000971,Inter-American Elem Magnet School,54,41.937646,-87.65386,52,0,1,0,0,0,1,1709930,0,,,,,.3888889,1,.36538461,,,,,0,0,0,0
170993000974,Mount Greenwood Elem School,98,41.696052,-87.70536800000001,15,3,3,1,1,73,2,1709930,73,0,0,.74489796,.74489796,.36734694,1,.46666667,0,.34246576,.34246576,-.12420091,1,15,0,0
170993000978,Mount Vernon Elem School,25,41.702346,-87.648172,0,0,0,0,25,0,0,1709930,0,,,,,0,0,,0,,,,0,0,0,0
170993000979,Mozart Elem School,69,41.921363,-87.722398,61,0,0,0,6,2,0,1709930,2,0,0,.028985508,.028985508,0,0,0,0,0,0,0,2,2,0,0
170993000981,Brown R Elem Community Acad,24,41.664843,-87.63847,0,0,0,0,24,0,0,1709930,0,,,,,0,0,,0,,,,0,0,0,0
170993000983,Murphy Elem School,33,41.949733,-87.717162,28,0,1,0,2,2,0,1709930,2,0,0,.060606062,.060606062,0,0,0,0,0,0,0,2,2,0,0
170993000984,Murray Elem Language Academy,49,41.798256,-87.59265600000001,2,0,0,0,44,1,2,1709930,1,0,0,.020408163,.020408163,.48979592,1,0,.5,0,-.5,0,1,1,0,0
170993000985,Nash Elem School,24,41.892004,-87.747294,3,0,0,0,20,0,1,1709930,0,,,,,0,0,0,0,,,,0,0,0,0
170993000987,Neil Elem School,28,41.738969,-87.620847,1,0,0,0,27,0,0,1709930,0,,,,,0,0,0,0,,,,0,0,0,0
170993000988,Nettelhorst Elem School,54,41.941417,-87.64471,16,0,3,0,3,30,2,1709930,30,0,0,.55555558,.55555558,.53703701,1,.25,.66666669,.63333333,-.033333361,.38333333,3,16,0,0
170993000991,Newberry Elem Math & Science Acad,52,41.914133,-87.646648,16,0,2,1,26,6,1,1709930,6,0,0,.11538462,.11538462,1,1,1,1,1,0,0,6,6,0,0
170993000992,Nightingale Elem School,122,41.798246,-87.68931600000001,121,0,0,0,0,0,1,1709930,0,,,,,.20491803,1,.20661157,,,,,0,0,0,0
170993000993,Carver Primary School,34,41.653175,-87.600803,0,0,0,0,34,0,0,1709930,0,,,,,0,0,,0,,,,0,0,0,0
170993000996,Nobel Elem School,77,41.905809,-87.729694,68,0,0,0,8,1,0,1709930,1,0,0,.012987013,.012987013,.50649351,1,.54411763,.25,0,-.25,-.54411763,1,1,0,0
170993000997,Norwood Park Elem School,25,41.989209,-87.802573,5,0,0,0,0,18,2,1709930,18,,0,,.72000003,.92000002,1,1,,.8888889,,-.1111111,0,5,0,0
170993001001,Armour Elem School,25,41.834048,-87.65000000000001,22,0,1,0,1,1,0,1709930,1,0,0,.039999999,.039999999,0,0,0,0,0,0,0,1,1,0,0
170993001002,Morgan Park High School,35,41.692074,-87.665296,1,0,0,0,34,0,0,1709930,0,,,,,1,1,1,1,,,,0,0,0,0
170993001004,Oglesby Elem School,42,41.754755,-87.64595799999999,0,0,0,0,42,0,0,1709930,0,,,,,0,0,,0,,,,0,0,0,0
170993001005,OKeeffe Elem School,41,41.76868,-87.572987,0,0,0,0,41,0,0,1709930,0,,,,,0,0,,0,,,,0,0,0,0
170993001009,Onahan Elem School,63,41.994054,-87.79249900000001,17,0,2,0,0,41,3,1709930,41,,0,,.65079367,.53968257,1,.41176471,,.53658539,,.12482068,0,17,0,0
170993001010,Oriole Park Elem School,68,41.978473,-87.812286,17,0,6,0,1,44,0,1709930,44,0,0,.64705884,.64705884,.9852941,1,.94117647,1,1,0,.058823526,1,17,0,0
170993001011,Piccolo Elem Specialty School,43,41.900322,-87.731926,11,0,0,0,32,0,0,1709930,0,,,,,0,0,0,0,,,,0,0,0,0
170993001012,Otis Elem School,60,41.891635,-87.66525900000001,41,0,0,0,16,2,1,1709930,2,0,0,.033333335,.033333335,0,0,0,0,0,0,0,2,2,0,0
170993001013,OToole Elem School,46,41.774615,-87.675359,0,0,0,0,46,0,0,1709930,0,,,,,0,0,,0,,,,0,0,0,0
170993001015,Owen Elem Scholastic Academy,26,41.742947,-87.705322,4,0,0,0,21,0,1,1709930,0,,,,,1,1,1,1,,,,0,0,0,0
170993001017,Palmer Elem School,83,41.972658,-87.73891,38,2,13,1,2,25,2,1709930,25,0,0,.30120483,.30120483,.38554215,1,.34210527,0,.28,.28,-.062105268,2,25,0,0
170993001019,Parker Elem Community Academy,38,41.769372,-87.634789,4,0,0,0,34,0,0,1709930,0,,,,,.34210527,1,0,.38235295,,,,0,0,0,0
170993001021,Park Manor Elem School,28,41.766642,-87.611518,2,0,0,0,26,0,0,1709930,0,,,,,0,0,0,0,,,,0,0,0,0
170993001022,Parkside Elem Community Academy,11,41.768918,-87.583169,0,0,0,0,11,0,0,1709930,0,,,,,0,0,,0,,,,0,0,0,0
170993001023,Pasteur Elem School,115,41.786716,-87.732372,106,0,2,1,2,4,0,1709930,4,0,0,.034782607,.034782607,.18260869,1,.17924528,0,.5,.5,.32075471,2,4,0,0
170993001025,Peck Elem School,150,41.787997,-87.719779,145,2,1,0,1,1,0,1709930,1,0,0,.0066666668,.0066666668,.23999999,1,.23448277,0,1,1,.76551723,1,1,0,0
170993001027,Peirce Elem Intl Studies School,86,41.983009,-87.66597299999999,59,2,13,0,3,6,3,1709930,6,0,0,.069767445,.069767445,.43023255,1,.32203391,1,.33333334,-.66666663,.011299431,3,6,0,0
170993001028,Penn Elem School,20,41.858652,-87.72143300000001,4,0,0,0,16,0,0,1709930,0,,,,,0,0,0,0,,,,0,0,0,0
170993001031,Washington  H Elem School,42,41.728506,-87.596525,0,0,0,0,42,0,0,1709930,0,,,,,0,0,,0,,,,0,0,0,0
170993001032,Pershing Elem Humanities Magnet,38,41.83593,-87.618651,0,0,0,0,37,1,0,1709930,1,0,,.02631579,,0,0,,0,0,0,,1,0,0,0
170993001033,Peterson Elem School,109,41.98191,-87.712627,32,0,33,0,7,30,7,1709930,30,0,0,.27522936,.27522936,.25688073,1,.0625,.2857143,.53333336,.24761906,.47083336,7,30,0,0
170993001034,Pickard Elem School,53,41.852758,-87.683393,51,0,0,0,2,0,0,1709930,0,,,,,0,0,0,0,,,,0,0,0,0
170993001037,Plamondon Elem School,19,41.860383,-87.692707,11,0,0,0,7,0,1,1709930,0,,,,,0,0,0,0,,,,0,0,0,0
170993001039,Portage Park Elem School,99,41.957228,-87.760414,57,2,3,1,2,32,2,1709930,32,0,0,.32323232,.32323232,.34343433,1,.28070176,0,.40625,.40625,.12554824,2,32,0,0
170993001040,Prescott Elem School,18,41.929025,-87.66924400000001,10,0,0,0,4,3,1,1709930,3,0,0,.16666667,.16666667,0,0,0,0,0,0,0,3,3,0,0
170993001043,Prussing Elem School,64,41.965563,-87.772682,31,0,3,0,0,30,0,1709930,30,,0,,.46875,.3125,1,.12903225,,.43333334,,.30430108,0,30,0,0
170993001044,Tanner Elem School,29,41.760591,-87.60686,0,0,0,0,29,0,0,1709930,0,,,,,0,0,,0,,,,0,0,0,0
170993001045,Pulaski Intl Sch of Chicago,94,41.918773,-87.682851,88,0,1,0,1,3,1,1709930,3,0,0,.031914894,.031914894,.63829786,1,.625,1,.66666669,-.33333331,.041666687,1,3,0,0
170993001046,Pullman Elem School,20,41.688955,-87.60925500000001,5,0,0,0,15,0,0,1709930,0,,,,,0,0,0,0,,,,0,0,0,0
170993001047,Ray Elem School,58,41.792299,-87.59444499999999,1,0,2,0,53,0,2,1709930,0,,,,,.10344828,1,0,.075471699,,,,0,0,0,0
170993001050,Ravenswood Elem School,37,41.961059,-87.67106200000001,19,0,1,0,6,9,2,1709930,9,0,0,.24324325,.24324325,.2972973,1,.21052632,0,.44444445,.44444445,.23391813,6,9,0,0
170993001052,Reavis Elem Math & Sci Spec Schl,22,41.804425,-87.605396,0,0,0,1,21,0,0,1709930,0,,,,,0,0,,0,,,,0,0,0,0
170993001054,Reilly Elem School,101,41.941766,-87.719314,86,2,1,1,2,9,0,1709930,9,0,0,.089108914,.089108914,.25742576,1,.22093023,0,.44444445,.44444445,.22351421,2,9,0,0
170993001055,Reinberg Elem School,83,41.942571,-87.768418,57,0,1,0,1,23,1,1709930,23,0,0,.27710843,.27710843,.3493976,1,.33333334,0,.43478259,.43478259,.10144925,1,23,0,0
170993001056,Revere Elem School,16,41.764492,-87.600307,0,0,0,0,16,0,0,1709930,0,,,,,0,0,,0,,,,0,0,0,0
170993001059,Rogers Elem School,73,42.015254,-87.69677400000001,34,1,21,0,5,12,0,1709930,12,0,0,.16438356,.16438356,0,0,0,0,0,0,0,5,12,0,0
170993001064,Ruggles Elem School,41,41.752045,-87.61762899999999,0,0,0,0,41,0,0,1709930,0,,,,,0,0,,0,,,,0,0,0,0
170993001065,Ryder Elem Math & Sci Spec School,37,41.735189,-87.63963800000001,2,0,0,0,35,0,0,1709930,0,,,,,0,0,0,0,,,,0,0,0,0
170993001067,Sauganash Elem School,62,41.991297,-87.74629899999999,16,0,18,0,2,25,1,1709930,25,0,0,.40322581,.40322581,.41935483,1,.25,1,.40000001,-.60000002,.15000001,2,16,0,0
170993001068,Sawyer Elem School,183,41.79766,-87.705142,179,0,0,0,1,3,0,1709930,3,0,0,.016393442,.016393442,.20218579,1,.20670392,0,0,0,-.20670392,1,3,0,0
170993001070,Sayre Elem Language Academy,40,41.913706,-87.7992,15,0,1,0,21,3,0,1709930,3,0,0,.075000003,.075000003,0,0,0,0,0,0,0,3,3,0,0
170993001071,Ashe Elem School,47,41.739787,-87.60103599999999,0,0,0,0,47,0,0,1709930,0,,,,,0,0,,0,,,,0,0,0,0
170993001073,Scammon Elem School,113,41.941445,-87.732913,107,1,1,0,0,3,1,1709930,3,,0,,.026548672,.24778761,1,.26168224,,0,,-.26168224,0,3,0,0
170993001077,Schmid Elem School,18,41.717238,-87.59631,0,0,0,0,17,0,1,1709930,0,,,,,0,0,,0,,,,0,0,0,0
170993001080,Seward Elem Communication Arts Ac,78,41.80982,-87.66888299999999,77,0,0,0,0,1,0,1709930,1,,0,,.012820513,.21794872,1,.20779221,,1,,.79220778,0,1,0,0
170993001083,Sheridan Elem Math & Science Acad,59,41.844195,-87.64122500000001,16,0,14,0,17,10,2,1709930,10,0,0,.16949153,.16949153,.25423729,1,.125,0,.40000001,.40000001,.27500001,10,10,0,0
170993001084,Mireles Elem Academy,70,41.73139,-87.552866,30,0,0,0,38,2,0,1709930,2,0,0,.028571429,.028571429,0,0,0,0,0,0,0,2,2,0,0
170993001085,Sherman Elem School,27,41.799911,-87.650319,3,0,0,0,24,0,0,1709930,0,,,,,0,0,0,0,,,,0,0,0,0
170993001087,Sherwood Elem School,36,41.790505,-87.632031,0,0,0,0,36,0,0,1709930,0,,,,,0,0,,0,,,,0,0,0,0
170993001091,Jackson M Elem School,34,41.733978,-87.64659500000001,0,0,0,0,34,0,0,1709930,0,,,,,0,0,,0,,,,0,0,0,0
170993001095,Shoop Math-Sci Tech Elem Academy,33,41.691375,-87.658587,0,0,0,0,33,0,0,1709930,0,,,,,0,0,,0,,,,0,0,0,0
170993001096,Skinner Elem School,58,41.880825,-87.65951,8,0,14,0,24,9,3,1709930,9,0,0,.15517241,.15517241,.94827586,1,.875,1,.8888889,-.1111111,.013888896,9,8,0,0
170993001097,Smyser Elem School,95,41.958924,-87.78245,49,0,2,0,0,44,0,1709930,44,,0,,.46315789,.35789475,1,.20408164,,.5,,.29591835,0,44,0,0
170993001098,Smyth  J Elem School,34,41.865216,-87.65386700000001,1,0,0,0,33,0,0,1709930,0,,,,,.32352942,1,0,.33333334,,,,0,0,0,0
170993001100,Solomon Elem School,32,41.994254,-87.724429,5,0,12,0,3,11,1,1709930,11,0,0,.34375,.34375,.65625,1,.80000001,0,.63636363,.63636363,-.16363639,3,5,0,0
170993001101,Spencer Technology Acad Elem Sch,63,41.884948,-87.750744,0,0,0,0,63,0,0,1709930,0,,,,,0,0,,0,,,,0,0,0,0
170993001102,Stagg Elem School,38,41.758905,-87.64923,0,0,0,0,38,0,0,1709930,0,,,,,0,0,,0,,,,0,0,0,0
170993001103,Stevenson Elem School,149,41.746865,-87.731849,137,2,0,0,5,5,0,1709930,5,0,0,.033557046,.033557046,.20134228,1,.20437956,0,0,0,-.20437956,5,5,0,0
170993001105,Stone Elem Scholastic Academy,89,41.995496,-87.684574,18,0,26,0,18,25,2,1709930,25,0,0,.28089887,.28089887,.38202247,1,.27777779,.22222222,.63999999,.41777778,.36222219,18,18,0,0
170993001106,Spry Elem Community School,63,41.848535,-87.698075,63,0,0,0,0,0,0,1709930,0,,,,,0,0,0,,,,,0,0,0,0
170993001109,Stowe Elem School,82,41.912628,-87.713157,72,1,0,0,9,0,0,1709930,0,,,,,.31707317,1,.34722221,0,,,,0,0,0,0
170993001116,Sullivan Elem School,41,41.744035,-87.54264000000001,9,0,0,0,31,0,1,1709930,0,,,,,0,0,0,0,,,,0,0,0,0
170993001117,Sumner Elem Math & Sci Comm Acad,28,41.87096,-87.733007,0,0,0,0,28,0,0,1709930,0,,,,,.4642857,1,,.4642857,,,,0,0,0,0
170993001118,Sutherland Elem School,92,41.711288,-87.67615499999999,6,0,0,0,58,27,1,1709930,27,0,0,.29347825,.29347825,.97826087,1,1,1,.92592591,-.07407409,-.07407409,27,6,0,0
170993001119,Swift Elem Specialty School,64,41.989206,-87.658507,18,1,7,1,26,8,3,1709930,8,0,0,.125,.125,.3125,1,.22222222,.15384616,.875,.72115386,.65277779,8,8,0,0
170993001120,Taylor Elem School,37,41.715344,-87.533188,32,1,1,0,3,0,0,1709930,0,,,,,.48648649,1,.5,.66666669,,,,0,0,0,0
170993001122,Thorp  J N Elem School,33,41.73307,-87.54491400000001,5,0,0,0,28,0,0,1709930,0,,,,,0,0,0,0,,,,0,0,0,0
170993001123,Thorp  O A Elem Scholastic Acad,96,41.948939,-87.777839,50,1,4,1,12,24,4,1709930,24,0,0,.25,.25,.4375,1,.2,.33333334,.79166669,.45833334,.5916667,12,24,0,0
170993001124,Tilton Elem School,34,41.883934,-87.73015700000001,0,0,0,0,34,0,0,1709930,0,,,,,0,0,,0,,,,0,0,0,0
170993001128,Ninos Heroes Elem Academic Ctr,46,41.744167,-87.552824,11,1,0,0,34,0,0,1709930,0,,,,,.52173913,1,.63636363,.47058824,,,,0,0,0,0
170993001130,Twain Elem School,121,41.799437,-87.75972,86,0,0,0,2,32,1,1709930,32,0,0,.2644628,.2644628,.28925619,1,.22093023,0,.5,.5,.27906978,2,32,0,0
170993001131,Vanderpoel Elem Magnet School,51,41.720541,-87.665875,1,0,0,0,50,0,0,1709930,0,,,,,0,0,0,0,,,,0,0,0,0
170993001135,Lavizzo Elem School,49,41.696534,-87.62719,0,0,0,0,49,0,0,1709930,0,,,,,0,0,,0,,,,0,0,0,0
170993001136,Walsh Elem School,54,41.854451,-87.64791200000001,48,0,0,0,6,0,0,1709930,0,,,,,.96296299,1,1,.66666669,,,,0,0,0,0
170993001138,Volta Elem School,82,41.971316,-87.724876,56,1,18,0,2,5,0,1709930,5,0,0,.060975611,.060975611,.28048781,1,.17857143,1,.80000001,-.19999999,.62142861,2,5,0,0
170993001141,Wacker Elem School,25,41.716127,-87.648132,0,0,0,0,25,0,0,1709930,0,,,,,.88,1,,.88,,,,0,0,0,0
170993001143,Ward  J Elem School,45,41.843526,-87.635142,5,0,24,0,12,2,2,1709930,2,0,0,.044444446,.044444446,.60000002,1,.40000001,.33333334,0,-.33333334,-.40000001,2,2,0,0
170993001144,Wadsworth Elem School,42,41.7746,-87.601271,1,0,0,0,40,0,1,1709930,0,,,,,.23809524,1,0,.25,,,,0,0,0,0
170993001145,Washington  G Elem School,83,41.687818,-87.53596899999999,76,2,0,0,1,4,0,1709930,4,0,0,.048192769,.048192769,.31325302,1,.28947368,0,1,1,.71052635,1,4,0,0
170993001147,Waters Elem School,54,41.964293,-87.691936,29,0,2,1,1,18,3,1709930,18,0,0,.33333334,.33333334,.6111111,1,.55172414,0,.72222221,.72222221,.17049807,1,18,0,0
170993001148,Webster Elem School,33,41.869719,-87.726923,0,0,0,0,33,0,0,1709930,0,,,,,0,0,,0,,,,0,0,0,0
170993001150,Wentworth Elem School,36,41.765038,-87.657933,0,0,0,0,36,0,0,1709930,0,,,,,0,0,,0,,,,0,0,0,0
170993001151,Westcott Elem School,34,41.748623,-87.635426,1,0,0,0,33,0,0,1709930,0,,,,,0,0,0,0,,,,0,0,0,0
170993001153,Taft High School,138,41.984594,-87.791583,37,0,17,0,2,76,6,1709930,76,0,0,.55072463,.55072463,.80434781,1,1,1,.72368419,-.27631581,-.27631581,2,37,0,0
170993001154,Pritzker Elem School,78,41.906408,-87.677666,23,0,2,0,40,8,5,1709930,8,0,0,.1025641,.1025641,.5,1,.56521738,.32499999,.875,.55000001,.30978262,8,8,0,0
170993001155,Whistler Elem School,34,41.684267,-87.65499199999999,0,0,0,0,34,0,0,1709930,0,,,,,0,0,,0,,,,0,0,0,0
170993001156,Joplin Elem School,42,41.749462,-87.669196,1,0,0,0,41,0,0,1709930,0,,,,,0,0,0,0,,,,0,0,0,0
170993001157,Whitney Elem School,90,41.840073,-87.72532200000001,87,0,0,0,0,2,1,1709930,2,,0,,.022222223,.37777779,1,.35632184,,1,,.64367819,0,2,0,0
170993001159,Whittier Elem School,29,41.850571,-87.67364499999999,29,0,0,0,0,0,0,1709930,0,,,,,0,0,0,,,,,0,0,0,0
170993001163,Woodson South Elem School,50,41.814035,-87.608676,2,0,0,0,47,1,0,1709930,1,0,0,.02,.02,0,0,0,0,0,0,0,1,1,0,0
170993001165,Till Elem Math & Science Academy,24,41.77632,-87.609121,0,0,0,0,24,0,0,1709930,0,,,,,0,0,,0,,,,0,0,0,0
170993001166,Warren Elem School,26,41.726922,-87.57518399999999,1,0,0,0,24,0,1,1709930,0,,,,,0,0,0,0,,,,0,0,0,0
170993001168,Aldridge Elem School,15,41.657818,-87.606962,0,0,0,0,15,0,0,1709930,0,,,,,0,0,,0,,,,0,0,0,0
170993001171,Young Elem School,110,41.906518,-87.76727,13,1,0,0,96,0,0,1709930,0,,,,,0,0,0,0,,,,0,0,0,0
170993001174,Dirksen Elem School,74,41.973168,-87.84133199999999,20,0,3,0,3,47,1,1709930,47,0,0,.63513511,.63513511,.13513513,1,.2,.66666669,.08510638,-.58156031,-.11489362,3,20,0,0
170993001176,Yates Elem School,40,41.914625,-87.69998,37,0,0,1,1,1,0,1709930,1,0,0,.025,.025,.57499999,1,.5945946,0,0,0,-.5945946,1,1,0,0
170993001177,Depriest Elem School,61,41.878099,-87.766002,0,0,0,0,61,0,0,1709930,0,,,,,0,0,,0,,,,0,0,0,0
170993001181,Armstrong G Elem IntL Studies,128,42.010626,-87.684601,54,0,24,0,39,9,2,1709930,9,0,0,.0703125,.0703125,.5859375,1,.51851851,.56410259,.77777779,.2136752,.25925928,9,9,0,0
170993001183,Cuffe Math-Sci Tech Elem Academy,58,41.742448,-87.653623,0,0,0,0,58,0,0,1709930,0,,,,,.48275861,1,,.48275861,,,,0,0,0,0
170993001186,Foster Park Elem School,36,41.738581,-87.668162,0,0,0,0,36,0,0,1709930,0,,,,,0,0,,0,,,,0,0,0,0
170993001191,McNair Elem School,34,41.89789,-87.74670500000001,4,0,0,0,30,0,0,1709930,0,,,,,0,0,0,0,,,,0,0,0,0
170993001193,Hay Elem Community Academy,41,41.899516,-87.755972,4,0,0,0,36,0,1,1709930,0,,,,,0,0,0,0,,,,0,0,0,0
170993001194,Cullen Elem School,34,41.700253,-87.611599,2,0,0,0,31,0,1,1709930,0,,,,,0,0,0,0,,,,0,0,0,0
170993001209,Green  W Elem School,28,41.719385,-87.65236,1,0,0,0,27,0,0,1709930,0,,,,,0,0,0,0,,,,0,0,0,0
170993001210,Clark  G R Elem School,24,41.867819,-87.76999100000001,9,1,0,0,14,0,0,1709930,0,,,,,.16666667,1,0,.2857143,,,,0,0,0,0
170993001212,Ward  L Elem School,59,41.892625,-87.718684,1,0,0,0,57,1,0,1709930,1,0,0,.016949153,.016949153,0,0,0,0,0,0,0,1,1,0,0
170993001213,Powell Elem Paideia Comm Academy,52,41.761013,-87.55800600000001,2,0,0,0,50,0,0,1709930,0,,,,,.23076923,1,1,.2,,,,0,0,0,0
170993001214,Lee Elem School,93,41.77558,-87.72905,87,0,1,0,2,3,0,1709930,3,0,0,.032258064,.032258064,.3548387,1,.35632184,1,0,-1,-.35632184,2,3,0,0
170993001215,Salazar Elem Bilingual Center,35,41.901521,-87.633968,32,0,0,0,3,0,0,1709930,0,,,,,0,0,0,0,,,,0,0,0,0
170993001217,Langford A Elem School,29,41.784478,-87.65733400000001,0,0,0,0,29,0,0,1709930,0,,,,,0,0,,0,,,,0,0,0,0
170993001351,Finkl Elem School,34,41.849452,-87.68740699999999,31,0,0,0,2,1,0,1709930,1,0,0,.029411765,.029411765,.47058824,1,.41935483,1,1,0,.5806452,1,1,0,0
170993001607,Ariel Elem Community Academy,57,41.811028,-87.59887999999999,1,0,0,0,56,0,0,1709930,0,,,,,.82456142,1,1,.8214286,,,,0,0,0,0
170993001608,Little Village Elem School,72,41.842791,-87.717384,71,0,0,0,0,1,0,1709930,1,,0,,.013888889,.3888889,1,.3943662,,0,,-.3943662,0,1,0,0
170993001609,Zapata Elem Academy,89,41.841512,-87.735361,89,0,0,0,0,0,0,1709930,0,,,,,.21348314,1,.21348314,,,,,0,0,0,0
170993001612,Lara Elem Academy,38,41.809625,-87.67182200000001,34,0,1,0,3,0,0,1709930,0,,,,,.57894737,1,.55882353,.66666669,,,,0,0,0,0
170993001613,Telpochcalli Elem School,31,41.847396,-87.69620000000001,29,0,0,0,2,0,0,1709930,0,,,,,0,0,0,0,,,,0,0,0,0
170993001614,Wells Preparatory Elem Academy,33,41.82691,-87.61983100000001,1,0,0,0,32,0,0,1709930,0,,,,,0,0,0,0,,,,0,0,0,0
170993002042,West Park Elem Academy,49,41.906972,-87.73209799999999,36,0,0,0,12,0,1,1709930,0,,,,,0,0,0,0,,,,0,0,0,0
170993002618,Marine Leadership Academy - Ames,170,41.916146,-87.72213499999999,164,1,1,0,3,0,1,1709930,0,,,,,.40588236,1,.39024389,.66666669,,,,0,0,0,0
170993002631,Fairfield Elem Academy,49,41.780573,-87.69166800000001,30,0,0,0,19,0,0,1709930,0,,,,,0,0,0,0,,,,0,0,0,0
170993003450,Perspectives Charter High School,207,41.856406,-87.628322,8,0,2,0,196,0,1,1709930,0,,,,,.29468599,1,.5,.28061223,,,,0,0,0,0
170993003479,Noble Street Charter Schools,78,41.88207,-87.62762100000001,2,0,0,0,75,0,1,1709930,0,,,,,.53846157,1,1,.53333336,,,,0,0,0,0
170993003505,Chicago International Charter,655,41.879474,-87.62730000000001,190,0,6,0,430,14,15,1709930,14,0,0,.021374045,.021374045,0,0,0,0,0,0,0,14,14,0,0
170993003539,Shabazz International Chrtr Schls,61,41.75245,-87.600075,0,0,0,0,61,0,0,1709930,0,,,,,0,0,,0,,,,0,0,0,0
170993003542,Univ of Chicago Charter Schools,181,41.786031,-87.59429400000001,1,0,0,0,178,0,2,1709930,0,,,,,0,0,0,0,,,,0,0,0,0
170993003555,UNO Academy Charter Schools,863,41.88322,-87.65131100000001,832,2,3,0,21,4,1,1709930,4,0,0,.0046349941,.0046349941,0,0,0,0,0,0,0,4,4,0,0
170993003564,Locke A Elem Charter Academy,31,41.877092,-87.705375,0,0,0,0,31,0,0,1709930,0,,,,,1,1,,1,,,,0,0,0,0
170993003567,Northwest Middle School,207,41.92075,-87.757807,188,0,0,0,13,6,0,1709930,6,0,0,.028985508,.028985508,.25603864,1,.2606383,0,.66666669,.66666669,.40602839,6,6,0,0
170993003995,Hampton Elem Fine & Perf Arts Sch,68,41.753775,-87.709006,28,1,0,0,37,0,2,1709930,0,,,,,0,0,0,0,,,,0,0,0,0
170993004016,Colemon J Elem Academy,25,41.676716,-87.660175,0,0,0,0,25,0,0,1709930,0,,,,,.28,1,,.28,,,,0,0,0,0
170993004270,LEARN Charter Schools,159,41.86711,-87.710966,4,0,0,0,155,0,0,1709930,0,,,,,0,0,0,0,,,,0,0,0,0
170993004277,Columbia Explorers Elem Academy,115,41.810978,-87.70450200000001,112,0,0,0,0,2,1,1709930,2,,0,,.017391304,0,0,0,,0,,0,0,2,0,0
170993004286,Chicago Academy Elem School,62,41.94307,-87.777157,46,0,1,0,2,12,1,1709930,12,0,0,.19354838,.19354838,.32258064,1,.28260869,1,.41666666,-.58333337,.13405797,2,12,0,0
170993004376,Christopher Elem School,40,41.801663,-87.685776,32,1,0,0,5,2,0,1709930,2,0,0,.050000001,.050000001,0,0,0,0,0,0,0,2,2,0,0
170993004383,Simpson Acad HS for Young Women,2,41.864489,-87.66857899999999,1,0,0,0,1,0,0,1709930,0,,,,,0,0,0,0,,,,0,0,0,0
170993004718,Ashburn Community Elem School,44,41.741863,-87.709642,10,0,0,0,33,0,1,1709930,0,,,,,.34090909,1,.2,.39393941,,,,0,0,0,0
170993004720,Belmont-Cragin Elem School,30,41.92134,-87.757891,28,1,0,1,0,0,0,1709930,0,,,,,0,0,0,,,,,0,0,0,0
170993004722,National Teachers Elem Academy,52,41.851879,-87.628822,1,0,0,0,51,0,0,1709930,0,,,,,.26923078,1,1,.25490198,,,,0,0,0,0
170993004726,Talman Elem School,44,41.794498,-87.69044700000001,44,0,0,0,0,0,0,1709930,0,,,,,.36363637,1,.36363637,,,,,0,0,0,0
170993004913,Daley Elem Academy,48,41.802495,-87.672206,46,0,0,0,2,0,0,1709930,0,,,,,0,0,0,0,,,,0,0,0,0
170993004915,Madero Middle School,99,41.841534,-87.70527,98,0,0,0,0,1,0,1709930,1,,0,,.01010101,0,0,0,,0,,0,0,1,0,0
170993004916,Sabin Elem Magnet School,57,41.907283,-87.6829,46,2,0,0,8,1,0,1709930,1,0,0,.01754386,.01754386,0,0,0,0,0,0,0,1,1,0,0
170993004917,Saucedo Elem Scholastic Academy,118,41.84759,-87.699742,114,1,0,0,3,0,0,1709930,0,,,,,.18644068,1,.19298245,0,,,,0,0,0,0
170993004944,Edison Elem Regional Gifted Cntr,32,41.97108,-87.709341,5,0,7,0,2,12,6,1709930,12,0,0,.375,.375,.4375,1,.40000001,1,.16666667,-.83333331,-.23333333,2,5,0,0
170993004954,Orozco Elem Fine Arts & Sciences,111,41.857869,-87.675254,109,0,0,0,1,1,0,1709930,1,0,0,.0090090092,.0090090092,.25225225,1,.25688073,0,0,0,-.25688073,1,1,0,0
170993004956,Morton Elem Career Academy,21,41.889063,-87.704804,1,0,0,0,19,1,0,1709930,1,0,0,.047619049,.047619049,1,1,1,1,1,0,0,1,1,0,0
170993004962,Albany Park Multicultural Elem,142,41.972954,-87.71362000000001,111,0,15,0,5,7,4,1709930,7,0,0,.049295776,.049295776,.23943663,1,.17117117,.80000001,.2857143,-.51428568,.11454313,5,7,0,0
170993005092,Chicago Math & Sci Elem Charter,83,42.01313,-87.675161,47,0,10,0,23,3,0,1709930,3,0,0,.036144577,.036144577,.38554215,1,.34042552,.43478259,.66666669,.23188409,.32624117,3,3,0,0
170993005102,Namaste Elem Charter School,45,41.825258,-87.6675,40,0,0,0,3,2,0,1709930,2,0,0,.044444446,.044444446,0,0,0,0,0,0,0,2,2,0,0
170993005109,Claremont Academy Elem School,46,41.77767,-87.681367,1,0,0,0,45,0,0,1709930,0,,,,,.2173913,1,0,.22222222,,,,0,0,0,0
170993005167,Doolittle Elem School,20,41.830516,-87.613418,1,0,0,0,19,0,0,1709930,0,,,,,0,0,0,0,,,,0,0,0,0
170993005268,South Loop Elem School,78,41.866377,-87.628956,11,0,6,1,35,23,2,1709930,23,0,0,.29487181,.29487181,.35897437,1,.36363637,.2857143,.30434781,.018633515,-.059288561,23,11,0,0
170993005269,Lenart Elem Regional Gifted Ctr,23,41.746627,-87.627644,2,1,1,0,18,1,0,1709930,1,0,0,.043478262,.043478262,.9130435,1,1,.8888889,1,.1111111,0,1,1,0,0
170993005303,Casals Elem School,42,41.904232,-87.71418199999999,13,0,0,0,29,0,0,1709930,0,,,,,0,0,0,0,,,,0,0,0,0
170993005410,Perez Elem School,34,41.855654,-87.658114,33,0,0,0,1,0,0,1709930,0,,,,,.5,1,.4848485,1,,,,0,0,0,0
170993005413,Ruiz Elem School,79,41.847979,-87.681046,79,0,0,0,0,0,0,1709930,0,,,,,0,0,0,,,,,0,0,0,0
170993005486,Brighton Park Elem School,47,41.824326,-87.69196100000001,42,1,0,0,2,0,2,1709930,0,,,,,0,0,0,0,,,,0,0,0,0
170993005489,Evergreen Academy Elem School,112,41.829024,-87.66768500000001,95,0,6,0,3,7,1,1709930,7,0,0,.0625,.0625,.26785713,1,.23157895,0,.2857143,.2857143,.054135352,3,7,0,0
170993005546,Carson Elem School,106,41.793296,-87.68843200000001,100,2,0,0,4,0,0,1709930,0,,,,,.29245284,1,.31,0,,,,0,0,0,0
170993005547,McAuliffe Elem School,53,41.914588,-87.723542,48,0,0,0,3,1,1,1709930,1,0,0,.018867925,.018867925,0,0,0,0,0,0,0,1,1,0,0
170993005548,Galileo Elem Math & Sci Schol Acd,51,41.871628,-87.653362,35,0,0,1,10,3,2,1709930,3,0,0,.05882353,.05882353,.43137255,1,.37142858,.5,.66666669,.16666669,.29523811,3,3,0,0
170993005663,Aspira Charter Schools,214,41.91274,-87.69622099999999,197,3,4,1,3,4,2,1709930,4,0,0,.018691588,.018691588,.28504673,1,.27918783,.66666669,0,-.66666669,-.27918783,3,4,0,0
170993005682,Asian Human Srvcs-Passage Chrtr,35,41.983422,-87.67108500000001,7,0,6,0,22,0,0,1709930,0,,,,,0,0,0,0,,,,0,0,0,0
170993005690,Durkin Park Elem School,60,41.739091,-87.72948599999999,53,2,0,0,4,1,0,1709930,1,0,0,.016666668,.016666668,0,0,0,0,0,0,0,1,1,0,0
170993005691,Calmeca Acad Elem School,76,41.82366,-87.711501,73,0,0,0,2,0,1,1709930,0,,,,,.36842105,1,.34246576,1,,,,0,0,0,0
170993005692,North River Elem School,30,41.961545,-87.70740600000001,27,0,1,1,0,0,1,1709930,0,,,,,0,0,0,,,,,0,0,0,0
170993005791,Lindblom Math & Science Acad HS,133,41.782051,-87.67221000000001,16,0,2,1,109,3,2,1709930,3,0,0,.022556391,.022556391,.75187969,1,.625,.75229359,1,.24770641,.375,3,3,0,0
170993005797,Erie Elem Charter School,46,41.906761,-87.69442600000001,30,0,0,0,13,3,0,1709930,3,0,0,.065217391,.065217391,0,0,0,0,0,0,0,3,3,0,0
170993005799,Legacy Elem Charter School,51,41.855691,-87.730553,3,0,0,0,48,0,0,1709930,0,,,,,0,1,0,0,,,,0,0,0,0
170993005801,Suder Montessori Elem Magnet Schl,26,41.883308,-87.67733800000001,3,0,1,0,21,0,1,1709930,0,,,,,.92307693,1,1,.90476191,,,,0,0,0,0
170993005803,Tarkington Elem School,103,41.76461,-87.706073,76,1,0,0,25,0,1,1709930,0,,,,,.30097088,1,.32894737,.2,,,,0,0,0,0
170993005885,Providence-Englewood Elem Charter,45,41.775195,-87.663631,1,0,0,0,44,0,0,1709930,0,,,,,0,0,0,0,,,,0,0,0,0
170993005889,Bronzeville Lighthouse Elem Chrtr,46,41.81978,-87.62680899999999,0,0,0,0,46,0,0,1709930,0,,,,,0,0,,0,,,,0,0,0,0
170993005919,Polaris Elem Charter Academy,43,41.8923,-87.70808,2,0,0,0,40,0,1,1709930,0,,,,,0,0,0,0,,,,0,0,0,0
170993005930,Frazier Perspectives Magnet ES,23,41.866811,-87.72627900000001,0,0,0,0,23,0,0,1709930,0,,,,,.30434781,1,,.30434781,,,,0,0,0,0
170993005935,Catalyst Charter-Circle Rock ES,56,41.882586,-87.764971,0,0,0,0,56,0,0,1709930,0,,,,,0,0,,0,,,,0,0,0,0
170993005979,LaSalle II Lang Acad Elem Sch,52,41.90254,-87.673591,27,0,0,0,17,4,4,1709930,4,0,0,.07692308,.07692308,.25,1,.18518518,.11764706,1,.88235295,.81481481,4,4,0,0
170993005980,Plato Learning Acad  Elem School,49,41.87257,-87.763401,1,0,0,0,48,0,0,1709930,0,,,,,0,0,0,0,,,,0,0,0,0
170993005985,Edison Park Elem School,31,41.994144,-87.813692,11,0,0,0,0,19,1,1709930,19,,0,,.61290324,.45161289,1,.36363637,,.52631581,,.16267943,0,11,0,0
170993005986,Amandla Charter School,42,41.769372,-87.634789,1,0,0,0,41,0,0,1709930,0,,,,,0,0,0,0,,,,0,0,0,0
170993006006,Davis M Magnet Elem School,24,41.77091,-87.66666100000001,2,0,0,0,22,0,0,1709930,0,,,,,1,1,1,1,,,,0,0,0,0
170993006035,Academy for Global Citizenship,42,41.8074,-87.74004100000001,39,0,0,0,2,0,1,1709930,0,,,,,0,0,0,0,,,,0,0,0,0
170993006067,Prieto Math-Science Elem Sch,115,41.920924,-87.765812,111,0,0,0,3,1,0,1709930,1,0,0,.0086956518,.0086956518,.27826086,1,.27927929,0,1,1,.72072071,1,1,0,0
170993006081,Skinner North Elem Sch,18,41.905073,-87.644177,2,0,5,0,10,1,0,1709930,1,0,0,.055555556,.055555556,.94444442,1,1,1,1,0,0,1,1,0,0
170993006091,Hernandez Middle School,265,41.793423,-87.711236,254,1,0,0,7,2,1,1709930,2,0,0,.0075471699,.0075471699,.30566037,1,.31102362,.2857143,0,-.2857143,-.31102362,2,2,0,0
170993006093,Ogden Int High School,109,41.89396,-87.658481,19,1,12,0,30,44,3,1709930,44,0,0,.40366971,.40366971,.64220184,1,.52631581,.43333334,.77272725,.33939391,.24641144,30,19,0,0
170993006099,South Shore Fine Arts Elem Sch,32,41.767519,-87.590216,0,0,1,0,31,0,0,1709930,0,,,,,0,0,,0,,,,0,0,0,0
170993006108,West Ridge Elem School,62,42.003012,-87.705825,14,3,24,1,2,17,1,1709930,17,0,0,.27419356,.27419356,.32258064,1,.35714287,0,.23529412,.23529412,-.12184875,2,14,0,0
170993006131,Azuela Elem School,81,41.771142,-87.739875,74,1,0,0,1,4,1,1709930,4,0,0,.049382716,.049382716,.2345679,1,.21621622,0,.5,.5,.28378379,1,4,0,0
170993006139,Garcia Lorca Elem School,74,41.9399,-87.72482100000001,69,1,0,0,1,3,0,1709930,3,0,0,.040540539,.040540539,.98648649,1,1,1,.66666669,-.33333331,-.33333331,1,3,0,0
170993006142,Rowe Elementary,24,41.90609,-87.66340099999999,19,0,1,0,4,0,0,1709930,0,,,,,0,0,0,0,,,,0,0,0,0
170993006149,Camras Elem School,81,41.934951,-87.77001900000001,73,1,1,0,1,5,0,1709930,5,0,0,.061728396,.061728396,.39506173,1,.38356164,1,.40000001,-.60000002,.016438365,1,5,0,0
170993006171,Nkrumah Academy Charter ES,24,41.697986,-87.630842,0,0,0,0,24,0,0,1709930,0,,,,,.91666669,1,,.91666669,,,,0,0,0,0
170993006207,Shields Middle School,155,41.806552,-87.68980000000001,150,3,0,0,1,1,0,1709930,1,0,0,.0064516128,.0064516128,0,0,0,0,0,0,0,1,1,0,0
170993006235,KIPP Chicago Charter Schools,146,41.891402,-87.746205,4,0,0,0,142,0,0,1709930,0,,,,,0,0,0,0,,,,0,0,0,0
170993006243,Catalyst Charter - Maria ES,60,41.77071,-87.691951,26,0,0,0,33,1,0,1709930,1,0,0,.016666668,.016666668,0,0,0,0,0,0,0,1,1,0,0
170993006250,Disney II Magnet HS,126,41.95241,-87.720821,53,1,3,0,19,46,4,1709930,46,0,0,.36507937,.36507937,.45238096,1,.35849056,.36842105,.54347825,.1750572,.18498769,19,46,0,0
170993006293,Intrinsic Charter High School,152,41.939315,-87.741,133,0,2,0,8,8,1,1709930,8,0,0,.052631579,.052631579,.13815789,1,.075187966,.25,1,.75,.92481202,8,8,0,0
170993006297,Camelot Safe Academy School,9,41.75264,-87.55057100000001,2,0,0,0,7,0,0,1709930,0,,,,,0,0,0,0,,,,0,0,0,0
170993006306,Frazier Prep Acad Charter ES,48,41.86195,-87.718441,0,0,0,0,48,0,0,1709930,0,,,,,0,0,,0,,,,0,0,0,0
170993006329,Foundations College Prep Charter,55,41.6943,-87.653021,0,0,0,0,55,0,0,1709930,0,,,,,0,0,,0,,,,0,0,0,0
170993006331,Horizon Sci Acad - Southwest Chtr,53,41.79542,-87.68278100000001,30,0,0,0,23,0,0,1709930,0,,,,,0,0,0,0,,,,0,0,0,0
170993006350,Camelot Safe Acad - Garfield Park,1,41.884186,-87.73915700000001,0,0,0,0,1,0,0,1709930,0,,,,,0,0,,0,,,,0,0,0,0
