id,top25,name,lon,lat,prct,total,numF
100654,0,Alabama A & M University,-86.568502,34.783368,35.8490566,53,19
100663,0,University of Alabama at Birmingham,-86.80917,33.50223,16.17647059,68,11
100706,0,University of Alabama in Huntsville,-86.63842,34.722818,19.54022989,87,17
100724,0,Alabama State University,-86.295677,32.364317,35.71428571,28,10
100751,0,University of Alabama,-87.545766,33.2144,12.82051282,78,10
100812,0,Athens State University,-86.96514,34.805625,15.38461538,91,14
100858,0,Auburn University,-85.492409,32.600201,9.090909091,66,6
101480,0,Jacksonville State University,-85.766644,33.822128,12.96296296,54,7
102094,0,University of South Alabama,-88.18189,30.695081,9.090909091,33,3
102368,0,Troy University,-85.950191,31.800128,23.84428224,411,98
102553,0,University of Alaska Anchorage,-149.826135,61.189554,0,28,0
102614,0,University of Alaska Fairbanks,-147.824751,64.857053,8,25,2
104151,0,Arizona State University Tempe,-111.940011,33.421922,15.84852735,713,113
104179,0,University of Arizona,-110.950769,32.232071,10.50420168,238,25
105330,0,Northern Arizona University,-111.657653,35.180095,7.01754386,57,4
106245,0,University of Arkansas at Little Rock,-92.341835,34.726644,8.928571429,56,5
106397,0,University of Arkansas,-94.178214,36.06153,5.063291139,79,4
106412,0,University of Arkansas at Pine Bluff,-92.021263,34.242192,33.33333333,33,11
106458,0,Arkansas State University Main Campus,-90.680478,35.842779,5.882352941,34,2
106704,0,University of Central Arkansas,-92.45931,35.078196,8.333333333,48,4
107044,0,Harding University,-91.729008,35.249605,5.454545455,55,3
108092,0,University of Arkansas Fort Smith,-94.374073,35.385345,16,100,16
109785,0,Azusa Pacific University,-117.88795,34.130865,5.128205128,39,2
110413,0,California Lutheran University,-118.879467,34.225551,14.70588235,34,5
110422,0,California Polytechnic State University San Luis Obispo,-120.65856,35.29889,7.291666667,192,14
110486,0,California State University Bakersfield,-119.104711,35.350005,11.32075472,53,6
110495,0,California State University Stanislaus,-120.852511,37.52577,9.302325581,43,4
110510,0,California State University San Bernardino,-117.322508,34.182987,7.407407407,54,4
110529,0,California State Polytechnic University Pomona,-117.819019,34.054273,10.38961039,231,24
110538,0,California State University Chico,-121.846333,39.728003,9.230769231,65,6
110547,0,California State University Dominguez Hills,-118.259316,33.86524,10.81081081,37,4
110556,0,California State University Fresno,-119.748258,36.814477,11.76470588,34,4
110565,0,California State University Fullerton,-117.885349,33.883627,8.724832215,149,13
110574,0,California State University East Bay,-122.058073,37.65707,14.88095238,168,25
110583,0,California State University Long Beach,-118.1123,33.782752,9.090909091,143,13
110592,0,California State University Los Angeles,-118.168965,34.066927,11.11111111,54,6
110608,0,California State University Northridge,-118.526817,34.23671,8.695652174,161,14
110617,0,California State University Sacramento,-121.42194,38.55745,7.936507937,126,10
110644,0,University of California Davis,-121.751958,38.539895,10.94527363,201,22
110653,0,University of California Irvine,-117.841248,33.648434,10.52631579,399,42
110671,0,University of California Riverside,-117.331098,33.97588,10,100,10
110705,0,University of California Santa Barbara,-119.848031,34.415402,12.78538813,219,28
110714,0,University of California Santa Cruz,-122.067993,36.997258,10.43478261,230,24
110945,0,"California College San Diego (San Diego, CA)",-117.167121,32.83529,9.756097561,41,4
111948,0,Chapman University,-117.851481,33.793678,14.70588235,34,5
115409,0,Harvey Mudd College,-117.710594,34.106137,37.03703704,81,30
119605,0,National University,-117.244243,32.909469,15.85365854,82,13
120883,0,University of the Pacific,-121.307296,37.980624,13.95348837,43,6
122409,0,San Diego State University,-117.071228,32.77525,9.803921569,153,15
122597,0,San Francisco State University,-122.477905,37.721345,12.71186441,118,15
122755,0,San Jose State University,-121.881214,37.335201,13.27433628,226,30
123572,0,Sonoma State University,-122.673261,38.341023,11.11111111,45,5
125231,0,"Walden University (Minneapolis, MN)",-93.265731,44.98137,21.42857143,70,15
126562,0,University of Colorado Denver,-104.999181,39.74603,9.615384615,52,5
126580,0,University of Colorado Colorado Springs,-104.800296,38.892735,10.76923077,65,7
126614,0,University of Colorado Boulder,-105.267061,40.004415,11.25,160,18
126669,0,Colorado Christian University,-105.094836,39.711701,20,25,5
126818,0,Colorado State University Fort Collins,-105.08083,40.574759,7.096774194,155,11
126827,0,Colorado Technical University Colorado Springs,-104.833928,38.894265,7.692307692,26,2
127185,0,Fort Lewis College,-107.867003,37.275428,12.5,32,4
127556,0,Colorado Mesa University,-108.540281,39.076354,11.11111111,36,4
127565,0,Metropolitan State University of Denver,-105.002391,39.742248,8.064516129,62,5
127918,0,Regis University,-105.031385,39.78976,15.57788945,199,31
128328,0,United States Air Force Academy,-104.889893,39.011115,3.896103896,77,3
128771,0,Central Connecticut State University,-72.770094,41.690258,9.85915493,71,7
129020,0,University of Connecticut,-72.249519,41.808205,3.703703704,54,2
129215,0,Eastern Connecticut State University,-72.218753,41.721673,6.666666667,60,4
129525,0,University of Hartford,-72.714965,41.796485,11.11111111,27,3
130253,0,Sacred Heart University,-73.24461,41.221548,18.18181818,33,6
130493,0,Southern Connecticut State University,-72.948806,41.331852,12.28070175,57,7
130697,0,Wesleyan University,-72.656755,41.55678,12.90322581,31,4
130934,0,Delaware State University,-75.54053,39.187173,26.92307692,26,7
130943,0,University of Delaware,-75.7536,39.679791,10.43478261,115,12
131399,0,University of the District of Columbia,-77.066247,38.943819,30,30,9
131469,0,George Washington University,-77.047871,38.89865,21.33333333,75,16
131496,0,Georgetown University,-77.073463,38.908809,21.875,32,7
132903,0,University of Central Florida,-81.198805,28.60106,9.74025974,308,30
133650,0,Florida Agricultural and Mechanical University,-84.285664,30.428599,27.94117647,68,19
133669,0,Florida Atlantic University,-80.102293,26.372536,10.69767442,215,23
133881,0,Florida Institute of Technology,-80.624628,28.064503,6.12244898,49,3
133951,0,Florida International University,-80.377591,25.757111,15.93406593,182,29
133979,0,Florida Memorial University,-80.270672,25.917854,14.28571429,28,4
134097,0,Florida State University,-84.294801,30.4421,12.28070175,171,21
134130,0,University of Florida,-82.361195,29.638248,5.714285714,35,2
134945,0,Jacksonville University,-81.60706,30.350349,6.666666667,30,2
135726,0,University of Miami,-80.27645,25.720406,13.33333333,30,4
136172,0,University of North Florida,-81.507853,30.270917,14.14141414,198,28
136215,0,Nova Southeastern University,-80.24248,26.079337,14.54545455,55,8
136950,0,Rollins College,-81.348716,28.591992,10,40,4
137032,0,St Leo University,-82.257287,28.336776,29.75708502,494,147
137351,0,University of South Florida Main Campus,-82.415876,28.056647,8.163265306,196,16
137847,0,University of Tampa,-82.465582,27.947225,19.44444444,72,14
138354,0,University of West Florida,-87.218125,30.542855,16.52173913,115,19
138716,0,Albany State University,-84.14306,31.571395,30.23255814,43,13
138789,0,Armstrong Atlantic State University,-81.160409,31.978109,12.12121212,33,4
138947,0,"Clark Atlanta University (Atlanta, GA)",-84.412818,33.748772,35.29411765,51,18
139366,0,Columbus State University,-84.940796,32.501556,13.23529412,68,9
139658,0,Emory University,-84.325782,33.798836,7.692307692,26,2
139861,0,Georgia College and State University,-83.231962,33.082787,13.88888889,36,5
139931,0,Georgia Southern University,-81.782201,32.427756,9.87654321,81,8
139940,0,Georgia State University,-84.38667,33.7527,25.9391771,559,145
139959,0,University of Georgia,-83.374049,33.956428,14.96062992,127,19
140164,0,Kennesaw State University,-84.58083,34.03629,9.401709402,117,11
140322,0,Macon State College,-83.731976,32.810807,22.85714286,105,24
140553,0,Morehouse College,-84.415156,33.74793,0,31,0
141097,0,Southern Polytechnic State University,-84.519276,33.938992,15.625,160,25
141264,0,Valdosta State University,-83.289925,30.849236,14.28571429,28,4
141334,0,University of West Georgia,-85.099007,33.574421,11.86440678,59,7
141565,0,University of Hawaii at Hilo,-155.081329,19.701854,15.38461538,26,4
141574,0,University of Hawaii at Manoa,-157.816607,21.292648,11.30434783,115,13
141644,0,Hawaii Pacific University,-157.859411,21.31028,18.42105263,76,14
142115,0,Boise State University,-116.205789,43.604403,14.08450704,71,10
142285,0,University of Idaho,-117.024296,46.726894,10.86956522,46,5
142522,0,Brigham Young University Idaho,-111.784728,43.815384,7.913669065,278,22
143358,0,Bradley University,-89.61462,40.697605,7.407407407,27,2
144050,0,University of Chicago,-87.601196,41.78917,24.3902439,41,10
144740,0,DePaul University,-87.654116,41.923332,7.207207207,111,8
144883,0,East West University,-87.624793,41.871309,17.24137931,29,5
145336,0,Governors State University,-87.717012,41.448603,12.90322581,62,8
145600,0,University of Illinois at Chicago,-87.651145,41.872651,10.95890411,146,16
145725,0,Illinois Institute of Technology,-87.628346,41.833801,13.91304348,115,16
145813,0,Illinois State University,-88.99234,40.509724,7.8125,64,5
146427,0,Knox College,-90.370316,40.941829,50,30,15
146612,0,Lewis University,-88.079032,41.605432,10,30,3
146719,0,Loyola University Chicago,-87.657399,41.999161,23.07692308,26,6
147703,0,Northern Illinois University,-88.766065,41.933791,6.696428571,224,15
147767,0,Northwestern University,-87.673653,42.058377,13.15789474,76,10
147776,0,Northeastern Illinois University,-87.72013,41.980567,13.37579618,157,21
148487,0,Roosevelt University,-87.624952,41.876055,15.38461538,65,10
148627,0,St Xavier University,-87.713507,41.707763,28.20512821,39,11
148654,0,University of Illinois at Springfield,-89.614917,39.729862,8.641975309,162,14
149222,0,Southern Illinois University Carbondale,-89.217618,37.71921,8.571428571,70,6
149231,0,Southern Illinois University Edwardsville,-89.997779,38.793949,5.376344086,93,5
149772,0,Western Illinois University,-90.685235,40.465621,10.76923077,65,7
150136,0,Ball State University,-85.408863,40.198942,5.882352941,85,5
150400,0,DePauw University,-86.863556,39.63953,17.56756757,74,13
151102,0,Indiana University Purdue University Fort Wayne,-85.111747,41.115418,18.60465116,43,8
151111,0,Indiana University Purdue University Indianapolis,-86.172217,39.772948,1.754385965,57,1
151306,0,University of Southern Indiana,-87.67666,37.966188,14.44444444,90,13
151342,0,Indiana University South Bend,-86.222958,41.665746,8.333333333,36,3
151351,0,Indiana University Bloomington,-86.526904,39.166383,11.36363636,132,15
151360,0,Indiana University Northwest,-87.338457,41.556723,32.43243243,37,12
151379,0,Indiana University Southeast,-85.819376,38.342992,2.564102564,39,1
152080,0,University of Notre Dame,-86.238959,41.703058,17.14285714,105,18
152318,0,Rose Hulman Institute of Technology,-87.32357,39.480946,9.756097561,82,8
153375,0,Grand View University,-93.605016,41.620909,31.42857143,35,11
153384,0,Grinnell College,-92.721246,41.747048,20.58823529,34,7
153603,0,Iowa State University,-93.648353,42.026368,8.510638298,94,8
153658,0,University of Iowa,-91.535698,41.660695,9.322033898,118,11
153834,0,Luther College,-91.803971,43.313584,5.263157895,38,2
154095,0,University of Northern Iowa,-92.459703,42.514923,3.488372093,86,3
154350,0,Simpson College,-93.563471,41.365503,18.18181818,44,8
154493,0,Upper Iowa University,-91.799663,42.840293,23.88059701,67,16
155317,0,University of Kansas,-95.24587,38.957351,10.11235955,89,9
155399,0,Kansas State University,-96.581077,39.188616,6.741573034,89,6
156082,0,Washburn University,-95.702325,39.034977,16.21621622,37,6
156125,0,Wichita State University,-97.296733,37.716484,12.19512195,41,5
156620,0,Eastern Kentucky University,-84.301356,37.740396,13.95348837,43,6
157085,0,University of Kentucky,-84.509177,38.032393,9.448818898,127,12
157386,0,Morehead State University,-83.429742,38.188462,0,26,0
157401,0,Murray State University,-88.323493,36.61241,14.63414634,41,6
157447,0,Northern Kentucky University,-84.465959,39.029221,6.944444444,72,5
157951,0,Western Kentucky University,-86.455898,36.985718,9.756097561,41,4
159009,0,Grambling State University,-92.717367,32.522702,30.76923077,26,8
159391,0,Louisiana State University and Agricultural & Mechanical College,-91.196656,30.552111,9.708737864,103,10
159416,0,Louisiana State University Shreveport,-93.703762,32.428768,21.81818182,55,12
159647,0,Louisiana Tech University,-92.64964,32.525518,0,49,0
159717,0,McNeese State University,-93.215648,30.180762,8.571428571,35,3
159939,0,University of New Orleans,-90.068506,30.028539,6.25,64,4
160612,0,Southeastern Louisiana University,-90.468558,30.51358,6.741573034,89,6
160621,0,Southern University and A & M College,-91.190105,30.524558,33.33333333,75,25
160658,0,University of Louisiana at Lafayette,-92.01941,30.215283,6.451612903,62,4
160755,0,Tulane University of Louisiana,-90.120409,29.939696,33.92857143,112,38
161004,0,Bowdoin College,-69.965165,43.906969,17.85714286,28,5
161165,0,Husson University,-68.791323,44.828888,18.91891892,37,7
161253,0,University of Maine,-68.673839,44.895966,3.225806452,31,1
162584,0,Frostburg State University,-78.933871,39.651509,6.12244898,49,3
162760,0,Hood College,-77.419282,39.421908,30.23255814,43,13
162928,0,Johns Hopkins University,-76.620799,39.32838,16.25,80,13
163204,0,University of Maryland University College,-76.954104,38.986299,22.50300842,831,187
163268,0,University of Maryland Baltimore County,-76.711607,39.256686,12.90322581,279,36
163851,0,Salisbury University,-75.605705,38.345447,8.695652174,46,4
163912,0,St Mary's College of Maryland,-76.425706,38.188615,13.88888889,36,5
164076,0,Towson University,-76.612268,39.393008,12.16216216,148,18
164155,0,United States Naval Academy,-76.481692,38.980507,4.285714286,70,3
164465,0,Amherst College,-72.518493,42.372459,29.72972973,37,11
164739,0,Bentley University,-71.220148,42.388798,21.05263158,114,24
164924,0,Boston College,-71.171488,42.337688,7.407407407,54,4
164988,0,Boston University,-71.09984,42.349581,18.51851852,135,25
165015,0,Brandeis University,-71.254716,42.364947,20.37037037,54,11
165024,0,Bridgewater State University,-70.966058,41.987785,1.960784314,51,1
165529,0,Curry College,-71.114007,42.240616,18.91891892,37,7
165820,0,Fitchburg State University,-71.789354,42.589345,10.9375,64,7
165866,0,Framingham State University,-71.437175,42.297289,7.142857143,56,4
166513,0,University of Massachusetts Lowell,-71.325081,42.65372,3.571428571,84,3
166638,0,University of Massachusetts Boston,-71.038653,42.314541,14.28571429,63,9
166939,0,Mount Holyoke College,-72.573625,42.257588,100,25,25
167358,0,Northeastern University,-71.088782,42.339992,5.02283105,219,11
167729,0,Salem State University,-70.889321,42.502879,7.894736842,38,3
167987,0,University of Massachusetts Dartmouth,-71.005528,41.628861,5.970149254,67,4
168148,0,Tufts University,-71.120641,42.406004,14.5631068,103,15
168218,0,Wellesley College,-71.307966,42.293765,100,33,33
168227,0,Wentworth Institute of Technology,-71.094983,42.336632,7.692307692,78,6
168254,0,Western New England University,-72.518789,42.115837,2.380952381,42,1
168342,0,Williams College,-73.205888,42.711669,7.692307692,39,3
168421,0,Worcester Polytechnic Institute,-71.808792,42.275067,9.72972973,185,18
168430,0,Worcester State University,-71.844019,42.267534,6.557377049,61,4
169248,0,Central Michigan University,-84.775275,43.591137,9.302325581,43,4
169716,0,University of Detroit Mercy,-83.138369,42.417168,10.25641026,39,4
169798,0,Eastern Michigan University,-83.624499,42.245751,13.33333333,90,12
169983,0,Kettering University,-83.714356,43.013112,9.090909091,33,3
170082,0,Grand Valley State University,-85.887519,42.965208,5.797101449,138,8
170675,0,Lawrence Technological University,-83.25003,42.474072,11.11111111,90,10
171100,0,Michigan State University,-84.473639,42.72476,7.172995781,237,17
171128,0,Michigan Technological University,-88.546403,47.1183,9.523809524,105,10
171137,0,University of Michigan Dearborn,-83.231417,42.317287,10.75268817,93,10
171146,0,University of Michigan Flint,-83.688474,43.018777,11.42857143,35,4
171456,0,Northern Michigan University,-87.403857,46.558037,15.625,32,5
171492,0,Northwood University Michigan,-84.276276,43.628996,24.59016393,61,15
171571,0,Oakland University,-83.218866,42.672586,6.666666667,60,4
172051,0,Saginaw Valley State University,-83.96434,43.55187,14.81481481,54,8
172644,0,Wayne State University,-83.072864,42.35861,9.722222222,72,7
172699,0,Western Michigan University,-85.61512,42.282589,8.755760369,217,19
173045,0,Augsburg College,-93.241418,44.965636,8.108108108,37,3
173258,0,Carleton College,-93.154662,44.462304,15.15151515,66,10
173920,0,Minnesota State University Mankato,-93.998494,44.147253,7.407407407,27,2
174020,0,Metropolitan State University,-93.074153,44.957017,7.5,80,6
174066,0,University of Minnesota Twin Cities,-93.235352,44.977886,8.723404255,470,41
174233,0,University of Minnesota Duluth,-92.085177,46.818896,7.01754386,57,4
174251,0,University of Minnesota Morris,-95.901756,45.589829,6.060606061,33,2
174358,0,Minnesota State University Moorhead,-96.763376,46.866482,0,28,0
174783,0,St Cloud State University,-94.153,45.552418,7.317073171,41,3
174792,0,St Johns University,-94.39268,45.580538,0,39,0
174844,0,St Olaf College,-93.183633,44.462884,17.85714286,28,5
174899,0,College of St Scholastica,-92.105738,46.81544,31.34328358,67,21
175078,0,Southwest Minnesota State University,-95.75983,44.455023,5.555555556,36,2
175272,0,Winona State University,-91.64447,44.046572,13.46153846,104,14
175856,0,Jackson State University,-90.20663,32.296781,18.91891892,37,7
176017,0,University of Mississippi,-89.539377,34.362144,13.63636364,44,6
176053,0,Mississippi College,-90.330452,32.334565,15.38461538,26,4
176080,0,Mississippi State University,-88.78834,33.455241,6.493506494,77,5
176318,0,Rust College,-89.446999,34.776862,33.33333333,27,9
176372,0,University of Southern Mississippi,-89.33791,31.327499,15.06849315,73,11
176965,0,University of Central Missouri,-93.737445,38.755882,12.14953271,107,13
177065,0,"Columbia College (Columbia, MO)",-92.326544,38.957899,10.76923077,130,14
178341,0,Missouri Southern State University,-94.460893,37.095722,12.96296296,54,7
178396,0,University of Missouri Columbia,-92.326429,38.941015,8.888888889,135,12
178402,0,University of Missouri Kansas City,-94.578039,39.035366,7.792207792,77,6
178411,0,Missouri University of Science and Technology,-91.7759,37.955853,8.108108108,148,12
178420,0,University of Missouri St Louis,-90.308886,38.711297,11.76470588,51,6
178615,0,Truman State University,-92.580531,40.188238,15.27777778,72,11
178624,0,Northwest Missouri State University,-94.884341,40.352706,4,25,1
178721,0,Park University,-94.677086,39.189477,12.83185841,226,29
179159,0,St Louis University,-90.23343,38.636516,28.81355932,59,17
179326,0,Southwest Baptist University,-93.410451,37.601603,21.21212121,33,7
179557,0,Southeast Missouri State University,-89.529119,37.31575,15.90909091,44,7
179566,0,Missouri State University Springfield,-93.276821,37.197983,9.090909091,55,5
179867,0,Washington University in St Louis,-90.311639,38.648125,11.29032258,124,14
179894,0,Webster University,-90.345654,38.589269,19.76744186,172,34
179946,0,"Westminster College (Fulton, MO)",-91.954345,38.847764,15.38461538,26,4
180461,0,Montana State University,-111.049918,45.666829,11.29032258,62,7
180489,0,University of Montana,-113.98294,46.861074,12,25,3
180814,0,Bellevue University,-95.91764,41.150225,21.26436782,174,37
181215,0,University of Nebraska at Kearney,-99.098237,40.700787,11.11111111,27,3
181394,0,University of Nebraska at Omaha,-96.010797,41.257746,10,110,11
181464,0,University of Nebraska Lincoln,-96.702177,40.822272,7.291666667,96,7
182281,0,University of Nevada Las Vegas,-115.141153,36.106994,15,100,15
182290,0,University of Nevada Reno,-119.821651,39.549352,25.81967213,244,63
182670,0,Dartmouth College,-72.289951,43.70408,27.5862069,58,16
183026,0,Southern New Hampshire University,-71.453938,43.039892,12.03007519,133,16
183044,0,University of New Hampshire Main Campus,-70.934512,43.134235,5.172413793,58,3
183062,0,Keene State College,-72.281433,42.925999,15.78947368,57,9
183239,0,St Anselm College,-71.508177,42.985066,33.33333333,27,9
184782,0,Rowan University,-75.117974,39.709768,8.609271523,151,13
185129,0,New Jersey City University,-74.08727,40.709937,30,50,15
185262,0,Kean University,-74.234668,40.679429,16.21621622,74,12
185590,0,Montclair State University,-74.199455,40.859233,14.81481481,54,8
185828,0,New Jersey Institute of Technology,-74.177113,40.741997,7.971014493,138,11
186201,0,Ramapo College of New Jersey,-74.116384,41.007523,3.448275862,29,1
186283,0,Rider University,-74.742822,40.283122,29.62962963,54,16
186371,0,Rutgers University Camden,-75.125303,39.948628,9.090909091,33,3
186380,0,Rutgers University New Brunswick,-74.45051,40.503796,12.54480287,279,35
186432,0,St Peter's University,-74.071541,40.727105,17.07317073,41,7
186867,0,Stevens Institute of Technology,-74.025334,40.744776,12.67605634,71,9
187134,0,College of New Jersey,-74.777412,40.268742,5.769230769,52,3
187444,0,William Paterson University of New Jersey,-74.199465,40.946256,11.42857143,35,4
187967,0,New Mexico Institute of Mining and Technology,-106.907491,34.066035,8.823529412,34,3
187985,0,University of New Mexico Main Campus,-106.620155,35.083868,15.06849315,73,11
188030,0,New Mexico State University Main Campus,-106.747841,32.282875,22.64150943,53,12
190044,0,Clarkson University,-74.999947,44.663761,20.58823529,34,7
190099,0,Colgate University,-75.535,42.8188,8.823529412,34,3
190549,0,CUNY Brooklyn College,-73.95312,40.631912,18.18181818,132,24
190558,0,College of Staten Island CUNY,-74.148701,40.603949,12.67605634,71,9
190567,0,CUNY City College,-73.95055,40.819794,20.27027027,74,15
190594,0,CUNY Hunter College,-73.964795,40.768669,17.07317073,82,14
190637,0,CUNY Lehman College,-73.894627,40.873928,18.96551724,58,11
190664,0,CUNY Queens College,-73.815387,40.737771,16.89189189,148,25
190691,0,CUNY York College,-73.794586,40.702661,21.95121951,82,18
191241,0,Fordham University,-73.889578,40.861183,25,96,24
191649,0,Hofstra University,-73.60078,40.715959,11.42857143,35,4
191968,0,Ithaca College,-76.495057,42.42264,8.108108108,37,3
192703,0,Manhattan College,-73.901893,40.889756,15.15151515,33,5
192819,0,Marist College,-73.934342,41.721955,9.523809524,42,4
193900,0,New York University,-73.997264,40.729452,20.56074766,107,22
194091,0,New York Institute of Technology,-73.608885,40.814402,10.83333333,120,13
194310,0,Pace University New York,-74.004719,40.711014,13.33333333,60,8
194541,0,Polytechnic Institute of New York University,-73.986774,40.694371,9.900990099,101,10
194824,0,Rensselaer Polytechnic Institute,-73.678768,42.728983,7.604562738,263,20
195003,0,Rochester Institute of Technology,-77.67521,43.090325,6.031746032,315,19
195030,0,University of Rochester,-77.631042,43.126437,14.63414634,82,12
195234,0,College of St Rose,-73.78611,42.664664,20,25,5
195474,0,Siena College,-73.75153,42.718586,22.91666667,48,11
195809,0,St John's University New York,-73.795301,40.721979,20.86956522,115,24
196060,0,SUNY at Albany,-73.825014,42.686917,9.554140127,157,15
196079,0,SUNY at Binghamton,-75.971143,42.088049,18.24324324,296,54
196088,0,University at Buffalo,-78.790103,43.001433,10.60606061,198,21
196097,0,Stony Brook University,-73.123595,40.913138,7.667731629,313,24
196112,0,SUNY Institute of Technology at Utica Rome,-75.2292,43.13528,4.12371134,97,4
196121,0,SUNY College at Brockport,-77.949824,43.209862,5.454545455,55,3
196158,0,SUNY at Fredonia,-79.336109,42.450961,13.63636364,88,12
196167,0,SUNY College at Geneseo,-77.821999,42.796864,9.375,32,3
196176,0,State University of New York at New Paltz,-74.088727,41.737205,14.28571429,42,6
196194,0,SUNY College at Oswego,-76.543885,43.453047,6.666666667,30,2
196237,0,SUNY College at Old Westbury,-73.570966,40.789842,18.51851852,27,5
196246,0,SUNY College at Plattsburgh,-73.467342,44.691103,10.90909091,55,6
196413,0,Syracuse University,-76.136738,43.040525,15.38461538,39,6
197036,0,United States Military Academy,-73.956804,41.390882,3.125,64,2
197133,0,Vassar College,-73.894345,41.685105,39.39393939,33,13
197869,0,Appalachian State University,-81.680234,36.214844,5.882352941,85,5
198464,0,East Carolina University,-77.366199,35.606347,6.329113924,79,5
198507,0,Elizabeth City State University,-76.210063,36.273539,27.5862069,29,8
198516,0,Elon University,-79.505632,36.104149,18.51851852,54,10
198543,0,Fayetteville State University,-78.894709,35.072485,20,60,12
198561,0,Gardner Webb University,-81.668141,35.24732,13.95348837,43,6
198613,0,Guilford College,-79.888848,36.092563,25.71428571,35,9
198756,0,Johnson C Smith University,-80.854842,35.243384,50.90909091,55,28
199102,0,North Carolina A & T State University,-79.770152,36.076737,27.35849057,106,29
199111,0,University of North Carolina at Asheville,-82.565259,35.616618,11.62790698,43,5
199139,0,University of North Carolina at Charlotte,-80.73579,35.306834,16.78486998,423,71
199148,0,University of North Carolina at Greensboro,-79.809844,36.067503,6.52173913,46,3
199193,0,North Carolina State University at Raleigh,-78.674517,35.785111,10.31941032,407,42
199209,0,North Carolina Wesleyan College,-77.774231,36.017443,41.55844156,77,32
199218,0,University of North Carolina Wilmington,-77.875527,34.225223,13.48314607,89,12
199281,0,University of North Carolina at Pembroke,-79.201895,34.687231,13.33333333,30,4
199306,0,Pfeiffer University,-80.283168,35.484696,34.61538462,26,9
199643,0,Shaw University,-78.637693,35.771181,39.47368421,38,15
199847,0,Wake Forest University,-80.279004,36.135301,12.12121212,33,4
199999,0,Winston Salem State University,-80.224905,36.089197,22.22222222,36,8
200004,0,Western Carolina University,-83.125447,35.28149,0,29,0
200059,0,Dickinson State University,-102.800511,46.882677,22.22222222,27,6
200280,0,University of North Dakota,-97.070823,47.921881,0,47,0
200332,0,North Dakota State University Main Campus,-96.805689,46.894523,7.462686567,134,10
200800,0,University of Akron Main Campus,-81.510328,41.077768,1.492537313,67,1
201441,0,Bowling Green State University Main Campus,-83.637531,41.377036,8.461538462,130,11
201645,0,Case Western Reserve University,-81.605769,41.500812,8.571428571,105,9
201654,0,Cedarville University,-83.812098,39.750338,8,25,2
201885,0,University of Cincinnati Main Campus,-84.51428,39.131159,7.01754386,57,4
202134,0,Cleveland State University,-81.673052,41.502918,14.0625,64,9
202480,0,University of Dayton,-84.173662,39.73686,13.15789474,38,5
202806,0,Franklin University,-82.991825,39.958402,32.0754717,53,17
203368,0,John Carroll University,-81.533103,41.488978,11.53846154,26,3
203517,0,Kent State University at Kent,-81.342253,41.146856,8.235294118,85,7
204024,0,Miami University Oxford,-84.731821,39.509642,10.46511628,86,9
204501,0,Oberlin College,-82.221786,41.29474,38.46153846,26,10
204796,0,Ohio State University Main Campus,-83.009001,39.998389,8.235294118,170,14
204857,0,Ohio University Main Campus,-82.101064,39.326799,14.28571429,63,9
206604,0,Wright State University Main Campus,-84.064881,39.780634,9.090909091,165,15
206695,0,Youngstown State University,-80.646515,41.105583,0,29,0
206914,0,Cameron University,-98.434163,34.606487,22.03389831,59,13
206941,0,University of Central Oklahoma,-97.470985,35.658239,9.87654321,81,8
207041,0,East Central University,-96.664196,34.773805,16.66666667,36,6
207263,0,Northeastern State University,-94.968528,35.920499,13.46153846,52,7
207351,0,Oklahoma Panhandle State University,-101.638488,36.594518,38.23529412,34,13
207388,0,Oklahoma State University Main Campus,-97.069743,36.123085,9.090909091,77,7
207500,0,University of Oklahoma Norman Campus,-97.445692,35.208152,11.25,80,9
207865,0,Southwestern Oklahoma State University,-98.707964,35.534609,9.090909091,33,3
207971,0,University of Tulsa,-95.945175,36.151887,4.87804878,41,2
209056,0,Lewis & Clark College,-122.672478,45.450547,17.85714286,28,5
209542,0,Oregon State University,-123.274721,44.56274,8.61423221,267,23
209551,0,University of Oregon,-123.07398,44.044515,11.60714286,112,13
209807,0,Portland State University,-122.683553,45.511229,9.941520468,171,17
209825,0,University of Portland,-122.726859,45.571807,9.756097561,41,4
210146,0,Southern Oregon University,-122.694034,42.186467,14.44444444,90,13
210429,0,Western Oregon University,-123.238785,44.851866,11.66666667,60,7
210739,0,Desales University,-75.376549,40.540137,18.75,48,9
211088,0,Arcadia University,-75.165205,40.091941,21.42857143,42,9
211158,0,Bloomsburg University of Pennsylvania,-76.446383,41.007989,6.12244898,49,3
211291,0,Bucknell University,-76.886275,40.954489,40.54054054,37,15
211361,0,California University of Pennsylvania,-79.884477,40.066473,10.12658228,79,8
211477,0,Central Penn College,-76.934461,40.3049,20.95238095,105,22
211644,0,Clarion University of Pennsylvania,-79.374775,41.209676,17.14285714,35,6
212054,0,"Drexel University (Philadelphia, PA)",-75.188745,39.954855,6.756756757,148,10
212115,0,East Stroudsburg University of Pennsylvania,-75.172614,40.99622,12,25,3
212160,0,Edinboro University of Pennsylvania,-80.126363,41.869978,18.75,32,6
213020,0,Indiana University of Pennsylvania Main Campus,-79.159869,40.615589,11.53846154,78,9
213385,0,Lafayette College,-75.209058,40.700512,11.11111111,27,3
213543,0,Lehigh University,-75.378887,40.607158,9.523809524,42,4
213613,0,Lock Haven University,-77.463565,41.142097,15.38461538,39,6
213783,0,Mansfield University of Pennsylvania,-77.07299,41.79971,16.66666667,42,7
213987,0,Mercyhurst University,-80.055568,42.103991,25,32,8
213996,0,Messiah College,-76.988492,40.15867,10.71428571,28,3
214041,0,Millersville University of Pennsylvania,-76.355091,39.99813,8.860759494,79,7
214713,0,Pennsylvania State University Penn State Harrisburg,-76.741961,40.205234,13.51351351,37,5
214777,0,Pennsylvania State University Main Campus,-77.861644,40.800732,7.216494845,194,14
215284,0,University of Pittsburgh Johnstown,-78.832611,40.268583,11.76470588,51,6
215293,0,University of Pittsburgh Pittsburgh Campus,-79.954692,40.444502,13.37579618,157,21
215798,0,St Vincent College,-79.403702,40.29252,8.108108108,37,3
216010,0,Shippensburg University of Pennsylvania,-77.5229,40.057405,8.928571429,56,5
216038,0,Slippery Rock University of Pennsylvania,-80.051814,41.060814,6.666666667,60,4
216287,0,Swarthmore College,-75.356066,39.904081,20,35,7
216339,0,Temple University,-75.158267,39.980943,6.172839506,81,5
216597,0,Villanova University,-75.345457,40.039388,22.80701754,57,13
216764,0,West Chester University of Pennsylvania,-75.594631,39.949084,10.76923077,65,7
216852,0,Widener University Main Campus,-75.356718,39.86158,12.12121212,33,4
217059,0,York College Pennsylvania,-76.727266,39.946709,7.142857143,28,2
217165,0,Bryant University,-71.539147,41.920149,22.72727273,44,10
217305,0,New England Institute of Technology,-71.502892,41.661783,12.90322581,62,8
217420,0,Rhode Island College,-71.466915,41.84266,11.9047619,42,5
217484,0,University of Rhode Island,-71.527356,41.484691,14.51612903,62,9
217819,0,College of Charleston,-79.937251,32.783142,14.86486486,74,11
217882,0,Clemson University,-82.834463,34.677329,8.724832215,149,13
218663,0,University of South Carolina Columbia,-81.026971,33.998973,12.5,128,16
218724,0,Coastal Carolina University,-79.0126,33.794733,8.928571429,56,5
218733,0,South Carolina State University,-80.851185,33.497439,15.09433962,53,8
218742,0,University of South Carolina Upstate,-81.970583,34.996403,10,30,3
219082,0,Dakota State University,-97.109609,44.0127,10.34482759,29,3
219347,0,South Dakota School of Mines and Technology,-103.205753,44.075439,1.923076923,52,1
219356,0,South Dakota State University,-96.783415,44.31942,5.660377358,53,3
219602,0,Austin Peay State University,-87.354081,36.533319,17.24137931,145,25
220075,0,East Tennessee State University,-82.366954,36.301643,10.625,160,17
220598,0,Lane College,-88.806832,35.628197,18.18181818,44,8
220862,0,University of Memphis,-89.982038,35.115934,11.62790698,43,5
220978,0,Middle Tennessee State University,-86.362094,35.849139,7.291666667,96,7
221740,0,University of Tennessee Chattanooga,-85.299812,35.048247,2.702702703,37,1
221759,0,University of Tennessee Knoxville,-83.929696,35.955093,3.529411765,85,3
221768,0,University of Tennessee Martin,-88.864211,36.340338,3.448275862,29,1
221838,0,Tennessee State University,-86.82937,36.16899,26.31578947,38,10
221847,0,Tennessee Technological University,-85.503957,36.174659,8.771929825,114,10
221999,0,Vanderbilt University,-86.804875,36.14443,22.66666667,75,17
222831,0,Angelo State University,-100.466495,31.44145,17.94871795,39,7
223232,0,Baylor University,-97.119359,31.545956,12.90322581,62,8
224147,0,Texas A & M University Corpus Christi,-97.331933,27.718601,20,55,11
224554,0,Texas A & M University Commerce,-95.906913,33.243814,15,40,6
225414,0,University of Houston Clear Lake,-95.098129,29.582523,13.48314607,89,12
225432,0,University of Houston Downtown,-95.35953,29.763831,10.9375,64,7
225502,0,University of Houston Victoria,-96.978193,28.816438,13.51351351,37,5
225511,0,University of Houston,-95.344851,29.719988,12.6984127,63,8
225627,0,University of the Incarnate Word,-98.467709,29.468052,8.333333333,48,4
226471,0,University of Mary Hardin Baylor,-97.463479,31.066798,6.382978723,47,3
226833,0,Midwestern State University,-98.51774,33.877143,3.333333333,30,1
227216,0,University of North Texas,-97.151211,33.210958,7.462686567,134,10
227331,0,Our Lady of the Lake University,-98.54395,29.425611,29.41176471,51,15
227368,0,University of Texas Pan American,-98.172112,26.306629,9.230769231,65,6
227377,0,University of Texas at Brownsville,-97.486644,25.893584,20,30,6
227526,0,Prairie View A & M University,-95.992066,30.094591,36.36363636,33,12
227845,0,St Edward's University,-97.75763,30.229844,24.24242424,33,8
227881,0,Sam Houston State University,-95.5519,30.7247,13.68421053,95,13
228149,0,St Mary's University,-98.564307,29.451793,25.92592593,27,7
228246,0,Southern Methodist University,-96.784855,32.845254,2.702702703,74,2
228431,0,Stephen F Austin State University,-94.58546,31.58562,7.894736842,38,3
228459,0,Texas State University,-97.936392,29.889202,10.64814815,216,23
228529,0,Tarleton State University,-98.22008,32.215665,23.97660819,171,41
228705,0,Texas A & M University Kingsville,-97.882342,27.524852,24,25,6
228723,0,Texas A & M University College Station,-96.340322,30.613226,13.66120219,183,25
228769,0,University of Texas at Arlington,-97.115087,32.728437,7.8125,64,5
228787,0,University of Texas at Dallas,-96.748371,32.989432,11.11111111,324,36
228796,0,University of Texas at El Paso,-106.50356,31.771697,20.37037037,108,22
228802,0,University of Texas at Tyler,-95.249096,32.314724,18.98734177,79,15
229018,0,University of Texas of the Permian Basin,-102.329634,31.889509,20,25,5
229027,0,University of Texas at San Antonio,-98.621386,29.582418,7.947019868,151,12
229063,0,Texas Southern University,-95.361961,29.722468,25,28,7
229115,0,Texas Tech University,-101.876917,33.580309,7.75862069,116,9
229267,0,Trinity University,-98.482577,29.46286,24.44444444,45,11
230038,0,Brigham Young University Provo,-111.649281,40.250851,5.04587156,218,11
230171,0,Dixie State University,-113.565894,37.103875,23.07692308,91,21
230603,0,Southern Utah University,-113.070146,37.674617,11.9047619,42,5
230621,0,Stevens Henager College Ogden,-112.011617,41.232847,13.20754717,53,7
230630,0,Stevens Henager College of Business Provo,-111.713264,40.269691,9.090909091,44,4
230728,0,Utah State University,-111.81391,41.740748,6.603773585,106,7
230737,0,Utah Valley University,-111.717058,40.278512,1.408450704,71,1
230764,0,University of Utah,-111.846044,40.762484,4.166666667,240,10
230782,0,Weber State University,-111.94484,41.19258,7.655502392,209,16
230807,0,"Westminster College (Salt Lake City, UT)",-111.855553,40.731495,10,30,3
231174,0,University of Vermont,-73.198128,44.479262,6,50,3
231624,0,College of William and Mary,-76.709395,37.27195,11.32075472,53,6
231712,0,Christopher Newport University,-76.486978,37.061502,12.39669421,121,15
232186,0,George Mason University,-77.30794,38.83088,11.40350877,228,26
232423,0,James Madison University,-78.871663,38.435332,13.33333333,195,26
232557,0,Liberty University,-79.179688,37.350345,5.714285714,35,2
232566,0,Longwood University,-78.395789,37.301073,16,25,4
232609,0,Lynchburg College,-79.184153,37.397678,19.23076923,26,5
232681,0,University of Mary Washington,-77.474392,38.302206,23.80952381,84,20
232937,0,Norfolk State University,-76.26393,36.848262,31.25,64,20
232982,0,Old Dominion University,-76.309653,36.884919,13.70967742,124,17
233277,0,Radford University,-80.549731,37.136914,5.333333333,150,8
233921,0,Virginia Polytechnic Institute and State University,-80.423267,37.228561,8.823529412,340,30
234030,0,Virginia Commonwealth University,-77.453597,37.547631,4.95049505,101,5
234076,0,University of Virginia Main Campus,-78.502599,38.036546,17.44186047,172,30
234155,0,Virginia State University,-77.419886,37.236453,40,25,10
234164,0,Virginia Union University,-77.450954,37.561864,20,25,5
234827,0,Central Washington University,-120.537716,47.004957,7.575757576,66,5
234915,0,City University of Seattle,-122.344331,47.61734,21.73913043,46,10
235097,0,Eastern Washington University,-117.589371,47.491293,8.484848485,165,14
235316,0,Gonzaga University,-117.403062,47.668144,16.66666667,36,6
236230,0,Pacific Lutheran University,-122.445372,47.145494,21.62162162,37,8
236328,0,University of Puget Sound,-122.479714,47.263651,17.5,40,7
236595,0,Seattle University,-122.3197,47.610138,11.11111111,27,3
236939,0,Washington State University,-117.158168,46.730448,8.187134503,171,14
237011,0,Western Washington University,-122.484873,48.737236,8.270676692,133,11
237066,0,Whitworth University,-117.418078,47.753699,5,40,2
237215,0,Bluefield State College,-81.235428,37.26688,0,25,0
237367,0,Fairmont State University,-80.161844,39.485925,11.53846154,26,3
237525,0,Marshall University,-82.43065,38.42261,5.454545455,55,3
237792,0,Shepherd University,-77.804844,39.434319,11.86440678,59,7
238032,0,West Virginia University,-79.953926,39.63468,10.18518519,108,11
238458,0,Carroll University,-88.227962,43.004647,12.5,32,4
238661,0,Edgewood College,-89.422122,43.058727,37.93103448,29,11
238980,0,Lakeland College,-87.884956,43.841863,26.19047619,168,44
240268,0,University of Wisconsin Eau Claire,-91.500432,44.798431,9.009009009,111,10
240277,0,University of Wisconsin Green Bay,-87.920499,44.531102,3.03030303,33,1
240329,0,University of Wisconsin La Crosse,-91.230149,43.815295,15,80,12
240365,0,University of Wisconsin Oshkosh,-88.549282,44.024985,4.545454545,66,3
240374,0,University of Wisconsin Parkside,-87.855407,42.646074,7.547169811,53,4
240453,0,University of Wisconsin Milwaukee,-87.880488,43.076848,6.25,128,8
240462,0,University of Wisconsin Platteville,-90.492709,42.733936,4.87804878,82,4
240471,0,University of Wisconsin River Falls,-92.625316,44.852647,8.928571429,56,5
240727,0,University of Wyoming,-105.57204,41.311943,19.64285714,56,11
248934,0,ECPI University,-76.178775,36.842533,23.07692308,65,15
260293,0,Everest University Brandon,-82.35034,27.980447,45.23809524,42,19
262086,0,Brandman University,-117.768624,33.655684,17.1875,64,11
363934,0,University of Advancing Technology,-111.976087,33.377712,4.04040404,99,4
366711,0,California State University San Marcos,-117.158013,33.129115,11.36363636,88,10
372213,0,University of Phoenix Online Campus,-111.981777,33.406918,21.6374269,684,148
377555,0,University of Washington Bothell Campus,-122.191454,47.760718,16.05504587,218,35
377564,0,University of Washington Tacoma Campus,-122.437499,47.244967,11.9047619,252,30
384254,0,Beacon College,-81.875619,28.810799,26.92307692,26,7
406015,0,University of Phoenix Southern California Campus,-117.884998,33.685778,19.04761905,42,8
409315,0,South Texas College,-98.253634,26.217591,18.10344828,116,21
414708,0,Baker College Center for Graduate Studies,-83.694495,42.974759,15.55555556,135,21
430087,0,Colorado Technical University Greenwood Village,-104.838701,39.65955,14.70588235,34,5
433660,0,Florida Gulf Coast University,-81.773578,26.464262,3.571428571,28,1
437097,0,University of Management and Technology,-77.072001,38.89742,9.090909091,88,8
438151,0,Stevens Henager College Murray,-111.902145,40.659626,13.79310345,29,4
441937,0,California State University Channel Islands,-119.04356,34.162949,6.060606061,66,4
442569,0,Grantham University,-94.664394,39.250471,10,170,17
445692,0,Neumont University,-111.890541,40.76594,7.471264368,174,13
446640,0,Harrisburg University of Science and Technology,-76.8808,40.261303,16,25,4
450979,0,Trident University International,-118.034759,33.805244,2.5,40,1
460738,0,American Sentinel University,-104.831161,39.67661,10.52631579,57,6
460899,0,Stevens Henager College Boise,-116.278761,43.59087,14.63414634,41,6
482158,0,Middle Georgia State College,-83.732361,32.81039,26.53061224,49,13
110404,1,California Institute of Technology,-118.12574,34.139275,19.1011236,89,17
110635,1,University of California Berkeley,-122.260401,37.871519,19.06158358,341,65
110662,1,University of California Los Angeles,-118.443901,34.068892,12.85714286,280,36
110680,1,University of California San Diego,-117.237793,32.876598,16.23616236,542,88
123961,1,University of Southern California,-118.283858,34.021058,18.01801802,111,20
130794,1,Yale University,-72.926688,41.311158,14.58333333,48,7
139755,1,Georgia Institute of Technology Main Campus,-84.396019,33.773732,8.347529813,587,49
145637,1,University of Illinois at Urbana Champaign,-88.230309,40.108864,10.78610603,547,59
163286,1,University of Maryland College Park,-76.939704,38.988607,12.45059289,506,63
166027,1,Harvard University,-71.118177,42.374429,20.83333333,120,25
166629,1,University of Massachusetts Amherst,-72.52613,42.386105,5.531914894,235,13
166683,1,Massachusetts Institute of Technology,-71.092115,42.360095,31.61033797,503,159
170976,1,University of Michigan Ann Arbor,-83.74313,42.276172,11.35029354,511,58
190150,1,Columbia University in the City of New York,-73.961885,40.808286,19.20903955,177,34
190415,1,Cornell University,-76.48269,42.445291,19.72789116,294,58
198419,1,Duke University,-78.94226,36.00159,16.25,80,13
199120,1,University of North Carolina at Chapel Hill,-79.050969,35.912165,12.19512195,123,15
211440,1,Carnegie Mellon University,-79.942914,40.444616,17.74530271,479,85
215062,1,University of Pennsylvania,-75.193618,39.951002,21.65898618,217,47
217156,1,Brown University,-71.404467,41.827605,13.15789474,152,20
227757,1,Rice University,-95.403625,29.716485,25,64,16
228778,1,University of Texas at Austin,-97.737279,30.284733,14.56953642,604,88
236948,1,University of Washington Seattle Campus,-122.313115,47.656213,26.02739726,365,95
240444,1,University of Wisconsin Madison,-89.405356,43.073858,8.026755853,299,24
243744,1,Stanford University,-122.182212,37.431746,18.55955679,361,67
243780,1,Purdue University Main Campus,-86.914435,40.428206,6.666666667,300,20